farmer_id,region,default_flag,predicted_pd
SIM-003462,Karnataka,0,0.24963030307021022
SIM-003522,Gujarat,0,0.04821450351774189
SIM-003561,MP,0,0.36514677912313515
SIM-003612,MP,0,0.024909845268040718
SIM-003617,WB,0,0.07151943032279637
SIM-003628,MP,0,0.11188075431288741
SIM-003688,Punjab,0,0.09048751889251012
SIM-003693,Gujarat,0,0.041117865170842184
SIM-003847,MP,0,0.12323754550851067
SIM-003923,WB,0,0.037070282124518204
SIM-003937,Maharashtra,0,0.0970410172408792
SIM-004120,UP,0,0.19819852668635954
SIM-004147,Punjab,0,0.0912145566343784
SIM-004223,MP,0,0.07716159449911494
SIM-004255,WB,0,0.023574062300811646
SIM-004262,UP,0,0.040489644110517274
SIM-004292,WB,0,0.07358890424412334
SIM-004415,UP,0,0.06471674954746509
SIM-004469,Maharashtra,0,0.18381061718905156
SIM-004575,UP,0,0.07504838972771588
SIM-004712,Punjab,0,0.08949481075645145
SIM-004818,Karnataka,0,0.11451320808442376
SIM-004905,Gujarat,0,0.18228391349190676
SIM-004914,MP,0,0.05174300884012387
SIM-004964,Karnataka,0,0.07672983884336675
SIM-004984,Karnataka,0,0.08825106493663441
SIM-005092,Gujarat,0,0.11596499761778074
SIM-005100,Gujarat,0,0.08170589727935873
SIM-005129,MP,0,0.271462126565702
SIM-005138,Karnataka,0,0.10759014307176204
SIM-005240,UP,0,0.06106116028774995
SIM-005277,MP,0,0.14445000573120953
SIM-005290,AP,0,0.03609851835025745
SIM-005567,UP,0,0.07667696162545308
SIM-005577,UP,0,0.07878256981548488
SIM-005735,WB,0,0.10802010808277906
SIM-005813,Karnataka,0,0.0818172795246429
SIM-005864,Punjab,0,0.11106248213702322
SIM-005882,MP,1,0.16914069980530277
SIM-005889,Maharashtra,1,0.11277717959621054
SIM-005952,Punjab,0,0.08165876008144901
SIM-006216,Maharashtra,0,0.10552590355331613
SIM-006389,WB,0,0.0822131916726603
SIM-006437,Karnataka,0,0.19853301710670224
SIM-006439,Gujarat,0,0.11689919885092401
SIM-006474,Karnataka,0,0.10531283975961062
SIM-006481,Gujarat,0,0.15088719052441474
SIM-006540,UP,0,0.07849773630298214
SIM-006554,Maharashtra,1,0.28756111210347984
SIM-006584,UP,0,0.03714119738960379
SIM-006593,UP,0,0.22584962216687224
SIM-006597,Karnataka,1,0.19041255356685424
SIM-006605,Punjab,0,0.09458519569129858
SIM-006661,WB,0,0.08875878477757036
SIM-006730,Gujarat,0,0.054053596246787426
SIM-006816,Punjab,0,0.0760355550630914
SIM-006866,MP,1,0.4440658588871818
SIM-007017,Maharashtra,0,0.05363899316357976
SIM-007124,Karnataka,0,0.09822588083582742
SIM-007208,WB,0,0.04719009031235004
SIM-007386,Gujarat,0,0.09976938688471955
SIM-007689,Maharashtra,1,0.19272337164271688
SIM-007862,MP,1,0.33543957220440473
SIM-007906,Karnataka,0,0.0775446218578758
SIM-000047,MP,0,0.044320685010320625
SIM-000065,Punjab,0,0.01861603664154259
SIM-000167,UP,0,0.15994235595111572
SIM-000185,WB,0,0.03699883172775376
SIM-000220,Gujarat,0,0.14103096964213413
SIM-000267,AP,0,0.08376742652747991
SIM-000511,Maharashtra,0,0.21729707665359282
SIM-000592,AP,0,0.22091118132311002
SIM-000644,Karnataka,0,0.24113993973773984
SIM-000669,Karnataka,0,0.11174159113346686
SIM-000692,Punjab,0,0.07482496597150817
SIM-000730,UP,0,0.1022911044132995
SIM-000739,Gujarat,0,0.30361439572745386
SIM-000900,Maharashtra,1,0.1813885740204672
SIM-001144,UP,0,0.09530522140585067
SIM-001284,Karnataka,0,0.20809886984073098
SIM-001288,MP,0,0.17122426520277845
SIM-001327,UP,1,0.03024434147761725
SIM-001333,Maharashtra,0,0.3162942960509506
SIM-001429,MP,0,0.14296119706483243
SIM-001479,Punjab,0,0.046833743576630484
SIM-001526,Karnataka,0,0.06116039008167782
SIM-001528,AP,0,0.10092464398607781
SIM-001602,WB,0,0.0937945989022305
SIM-001656,UP,0,0.1766697650689074
SIM-001666,Gujarat,0,0.06589184809118209
SIM-001771,Gujarat,1,0.17387053735138058
SIM-001796,AP,1,0.27030397887495095
SIM-001882,Gujarat,0,0.15965611155424203
SIM-001976,AP,0,0.19741397394443236
SIM-001987,Karnataka,0,0.5624444571657072
SIM-002014,MP,0,0.1003678455308446
SIM-002180,Karnataka,0,0.09064011248619822
SIM-002201,Punjab,1,0.1575600147692882
SIM-002247,Maharashtra,0,0.08985502854238824
SIM-002290,Punjab,0,0.05039821401133587
SIM-002311,Gujarat,0,0.08375942099544932
SIM-002377,Maharashtra,0,0.06878214687751263
SIM-002392,Maharashtra,0,0.2678164988954933
SIM-002434,Gujarat,0,0.05055023710392999
SIM-002506,WB,0,0.060621316005939854
SIM-002576,Karnataka,1,0.22897715070654528
SIM-002577,AP,0,0.09850122431628226
SIM-002592,MP,0,0.074456038849698
SIM-002605,AP,1,0.08586906925556387
SIM-002721,Maharashtra,0,0.05180014989171461
SIM-002883,UP,0,0.07395068180846534
SIM-002943,Karnataka,0,0.13732251398526515
SIM-002958,Gujarat,0,0.061515983075058414
SIM-002986,MP,0,0.12632358380686953
SIM-003034,AP,1,0.13021756776130264
SIM-003101,MP,0,0.36610085056968517
SIM-003116,UP,0,0.05441736583465545
SIM-003124,AP,0,0.09665964110839595
SIM-003173,Maharashtra,0,0.07962531520739537
SIM-003198,UP,0,0.0869222134327499
SIM-003265,Punjab,0,0.07478935243966903
SIM-003294,UP,0,0.07820727730612266
SIM-003567,MP,0,0.14553585784407938
SIM-003731,Karnataka,0,0.12133920531979772
SIM-003837,MP,0,0.12842193057369689
SIM-003838,Gujarat,1,0.10713713709755819
SIM-003870,Punjab,0,0.061089988321649726
SIM-004042,Gujarat,0,0.21089984923820074
SIM-004051,Maharashtra,0,0.03561975408152256
SIM-004230,MP,0,0.06123949494210655
SIM-004273,UP,0,0.0766836831114492
SIM-004344,Maharashtra,0,0.1093144859423118
SIM-004401,Maharashtra,0,0.06578169437386161
SIM-004574,Punjab,0,0.14446800672497434
SIM-004590,UP,1,0.24215764761447198
SIM-004638,Punjab,0,0.08150592628255793
SIM-004735,Maharashtra,1,0.2285378388255728
SIM-004841,WB,0,0.06131003925181003
SIM-004870,Gujarat,0,0.08190878606962253
SIM-004999,Punjab,0,0.05015942219613388
SIM-005056,MP,0,0.041328379791111175
SIM-005084,Punjab,1,0.1951722174369355
SIM-005144,Gujarat,1,0.2193303606353778
SIM-005148,Maharashtra,0,0.0453248431888744
SIM-005263,Maharashtra,0,0.13612417652556266
SIM-005267,Gujarat,0,0.05488870235474826
SIM-005330,Gujarat,0,0.12075905272924756
SIM-005371,Gujarat,0,0.16731665132018647
SIM-005422,WB,0,0.10177172240342483
SIM-005648,UP,0,0.12092067417160038
SIM-005670,Maharashtra,0,0.21215319764563986
SIM-005688,Karnataka,0,0.14119659782501245
SIM-005877,UP,0,0.027977845496959197
SIM-006013,AP,1,0.25892981853534797
SIM-006021,WB,0,0.07766070200038469
SIM-006243,MP,0,0.09532761417243475
SIM-006292,Karnataka,0,0.11590024011639025
SIM-006307,WB,0,0.17428426716862463
SIM-006320,Punjab,0,0.13033132710978304
SIM-006580,UP,0,0.052283133019398485
SIM-006609,Karnataka,0,0.36162299956551486
SIM-006623,UP,0,0.18208082790556623
SIM-006647,AP,0,0.17936636890566576
SIM-006660,Gujarat,0,0.04760015167948083
SIM-006678,Punjab,0,0.03143392271900125
SIM-006720,AP,0,0.07295470376973653
SIM-006742,Karnataka,0,0.3672360195403687
SIM-006872,UP,0,0.17003084303932356
SIM-006884,AP,0,0.10772140937898947
SIM-006944,UP,0,0.11641376881303524
SIM-006973,Maharashtra,0,0.07244220257328028
SIM-006974,AP,0,0.0510889703646506
SIM-006987,UP,0,0.18367737556088043
SIM-007003,UP,0,0.03387709711007189
SIM-007005,MP,1,0.24959875475770496
SIM-007024,AP,0,0.09095612959905272
SIM-007230,Gujarat,1,0.3216535355929856
SIM-007289,WB,0,0.04028946224076493
SIM-007414,UP,0,0.026404006352331418
SIM-007504,Gujarat,0,0.30030641429042687
SIM-007609,Karnataka,0,0.24200934618767223
SIM-007665,MP,0,0.061769101896922834
SIM-007725,Karnataka,1,0.30300156359973357
SIM-007795,Maharashtra,0,0.340690967733199
SIM-007847,Karnataka,1,0.10682947724871462
SIM-007858,AP,0,0.06606802965702645
SIM-007987,UP,0,0.25427325569889364
SIM-007991,Karnataka,0,0.10091482889424261
SIM-000007,Karnataka,0,0.09238343592359981
SIM-000079,Punjab,0,0.08443479641410098
SIM-000150,Gujarat,0,0.11351020621329505
SIM-000281,MP,0,0.14104655183607231
SIM-000337,Gujarat,0,0.1860160456789712
SIM-000426,UP,0,0.1593636578181684
SIM-000495,WB,0,0.12581365382990464
SIM-000506,Karnataka,0,0.14029352178366558
SIM-000569,AP,0,0.11272643693595852
SIM-000603,AP,1,0.20729134655505052
SIM-000642,Maharashtra,1,0.1693743900640431
SIM-000690,WB,0,0.03450676382195689
SIM-000809,Karnataka,0,0.09904900533791104
SIM-000823,AP,1,0.20582454634574082
SIM-000859,MP,0,0.17187457648707508
SIM-001016,Punjab,0,0.10566367344022032
SIM-001068,AP,0,0.12695892999663977
SIM-001128,Karnataka,0,0.03203105294474479
SIM-001198,WB,0,0.048939486862486184
SIM-001299,UP,0,0.19267803145579693
SIM-001348,UP,1,0.053897246073464494
SIM-001446,Gujarat,1,0.02860317589503353
SIM-001472,Karnataka,1,0.15894013351023822
SIM-001607,UP,0,0.0984244761794662
SIM-001611,Punjab,0,0.10946737207990134
SIM-001637,Maharashtra,0,0.09920913944350648
SIM-001858,UP,0,0.043849829544328166
SIM-001880,Karnataka,1,0.15622540612946723
SIM-001948,Gujarat,0,0.2073410652432567
SIM-002160,Punjab,1,0.12636252311461704
SIM-002210,Maharashtra,0,0.10919400152405442
SIM-002225,MP,0,0.12890405664750945
SIM-002288,UP,1,0.08169645493267073
SIM-002293,Karnataka,0,0.293390861047729
SIM-002350,Punjab,0,0.07077697001812018
SIM-002444,Karnataka,0,0.0909016901060205
SIM-002451,Punjab,0,0.18062076831035287
SIM-002454,MP,0,0.09389613715487999
SIM-002457,UP,0,0.10580888737890919
SIM-002565,Punjab,0,0.05489180548059859
SIM-002622,Maharashtra,1,0.5103132288933169
SIM-002646,Gujarat,0,0.12618076475686277
SIM-002664,Maharashtra,0,0.1251009232003497
SIM-002675,Maharashtra,1,0.049228865317745486
SIM-002724,WB,0,0.06872954229027615
SIM-002732,Maharashtra,0,0.189512221469122
SIM-002734,Punjab,0,0.04709146557948746
SIM-002936,Maharashtra,0,0.0707568530234711
SIM-002965,Maharashtra,1,0.48258671952777676
SIM-003075,Punjab,0,0.06982162488702487
SIM-003121,UP,0,0.09303540442305029
SIM-003122,Maharashtra,0,0.15180069695519902
SIM-003170,UP,0,0.12651815775097805
SIM-003183,UP,0,0.06264520908936702
SIM-003248,Maharashtra,1,0.20670406384387233
SIM-003249,Punjab,0,0.08684444932872841
SIM-003423,Maharashtra,1,0.1004348613562174
SIM-003444,UP,0,0.2195622193027192
SIM-003475,WB,0,0.09273586851496646
SIM-003484,AP,0,0.15104455144170797
SIM-003535,WB,0,0.06578633303558919
SIM-003555,Maharashtra,1,0.21532966230133607
SIM-003633,Maharashtra,0,0.06643347402606645
SIM-003660,Gujarat,0,0.056365573879998854
SIM-003808,MP,0,0.05251828024456713
SIM-003896,Gujarat,0,0.3145343892340938
SIM-003949,Maharashtra,0,0.11742973531491456
SIM-004095,WB,0,0.14883202045723823
SIM-004129,UP,0,0.0642637794516136
SIM-004226,UP,0,0.05149763272361843
SIM-004282,Karnataka,0,0.1887099164201842
SIM-004350,Karnataka,0,0.2506041166633582
SIM-004392,AP,0,0.08743559971445643
SIM-004493,MP,1,0.18842516203521925
SIM-004500,WB,0,0.04604582818827118
SIM-004734,AP,0,0.15341988700718973
SIM-004856,UP,0,0.05848665834620871
SIM-004868,UP,0,0.060810132204981625
SIM-004901,UP,0,0.06362269980122917
SIM-005004,Maharashtra,0,0.2734419950892506
SIM-005141,Punjab,0,0.033630119997671695
SIM-005191,Maharashtra,1,0.152752597788021
SIM-005207,Gujarat,0,0.2812408274610544
SIM-005208,Karnataka,0,0.0668017724142386
SIM-005221,UP,0,0.1097172582287371
SIM-005225,AP,0,0.2098346409328544
SIM-005378,Gujarat,0,0.056549318042118234
SIM-005442,Gujarat,1,0.2768409342099916
SIM-005509,WB,0,0.038653594337804346
SIM-005719,Karnataka,0,0.07549296542621056
SIM-005746,WB,0,0.19534665085058034
SIM-005798,AP,0,0.12566624696365705
SIM-005860,Karnataka,0,0.0987381980449596
SIM-005863,Maharashtra,0,0.10413024775813516
SIM-005868,AP,0,0.02988607701365135
SIM-005909,MP,0,0.07494387943715829
SIM-005988,Maharashtra,0,0.1966364897391859
SIM-006019,AP,0,0.09073974838763388
SIM-006022,MP,0,0.12957451963202155
SIM-006034,WB,1,0.18550448137805683
SIM-006075,UP,0,0.11309640602552416
SIM-006103,UP,1,0.20618000265948738
SIM-006205,Karnataka,0,0.16256335848488343
SIM-006411,MP,0,0.1307912075348589
SIM-006513,MP,0,0.0449755228065806
SIM-006592,Punjab,0,0.08612679401742533
SIM-006600,AP,0,0.11649933683590617
SIM-006697,Maharashtra,0,0.0443579714728821
SIM-006718,Gujarat,0,0.11116077009619237
SIM-006724,MP,0,0.09269717849251023
SIM-006747,AP,1,0.26109251130430744
SIM-006812,Punjab,0,0.05484758349787603
SIM-006871,Karnataka,1,0.21320780485584498
SIM-007071,Maharashtra,0,0.14562262769505788
SIM-007131,Maharashtra,0,0.16737925260152867
SIM-007146,UP,0,0.24647178974976044
SIM-007216,Punjab,0,0.024878881273180838
SIM-007231,Punjab,0,0.13116730624544243
SIM-007490,UP,0,0.29995203055412534
SIM-007503,Maharashtra,0,0.13873023951167873
SIM-007563,WB,0,0.1073100268977954
SIM-007709,Gujarat,0,0.04788618778441442
SIM-007728,AP,0,0.07588838060284323
SIM-007791,AP,0,0.12589141539353163
SIM-007843,UP,0,0.06763503016563237
SIM-007876,Gujarat,0,0.09726746658561389
SIM-007893,AP,0,0.10895239552716425
SIM-007907,Gujarat,0,0.09106332664389917
SIM-000050,AP,0,0.17206779941461794
SIM-000119,Gujarat,0,0.027251281620400702
SIM-000129,WB,0,0.0291407745220637
SIM-000209,Karnataka,0,0.06737955451456505
SIM-000253,UP,0,0.04580602115817472
SIM-000320,Gujarat,0,0.11418278557223437
SIM-000340,UP,1,0.21223970093034186
SIM-000408,AP,0,0.08055833988243694
SIM-000470,Punjab,0,0.13663240309213093
SIM-000471,Punjab,0,0.09777442755820205
SIM-000477,UP,0,0.06506206730994214
SIM-000713,Karnataka,1,0.15640283974949426
SIM-000718,Gujarat,0,0.08379637695517306
SIM-000728,UP,0,0.1295447796262199
SIM-000930,Punjab,0,0.04632372073386441
SIM-000970,AP,0,0.10578631593563909
SIM-001151,Maharashtra,0,0.22384122779434623
SIM-001174,UP,0,0.19386725966112103
SIM-001176,Karnataka,0,0.2880245788372328
SIM-001271,UP,0,0.2311710715241335
SIM-001335,UP,0,0.061403508586871436
SIM-001359,Punjab,0,0.06136164738466393
SIM-001370,UP,0,0.17806543645223954
SIM-001432,AP,0,0.08109084342717039
SIM-001495,WB,0,0.1339146802291365
SIM-001547,Gujarat,0,0.04484424676131216
SIM-001551,AP,0,0.14938842999040533
SIM-001568,UP,0,0.1110917061228559
SIM-001692,UP,1,0.46485010428496876
SIM-001777,UP,0,0.051726169151039454
SIM-001795,WB,0,0.07078242222517127
SIM-001854,AP,0,0.14859600530502248
SIM-001856,Punjab,0,0.16504586247271805
SIM-001959,Karnataka,0,0.17125731052457197
SIM-001983,Punjab,0,0.06546343608042858
SIM-002006,Karnataka,0,0.42150764399519036
SIM-002029,MP,0,0.13470885451455122
SIM-002048,Punjab,0,0.030633090967820527
SIM-002104,Gujarat,1,0.052052577427143656
SIM-002188,WB,0,0.07725671823071513
SIM-002206,WB,0,0.1114298863638261
SIM-002213,AP,0,0.10453863923813658
SIM-002287,UP,0,0.08189254960758797
SIM-002323,UP,0,0.3939018978936643
SIM-002660,WB,0,0.06923979216985619
SIM-002709,Gujarat,0,0.1599284703447863
SIM-002815,Gujarat,0,0.12192244570258425
SIM-002819,MP,0,0.3097674146796464
SIM-002947,Gujarat,0,0.05759622923017207
SIM-002956,Maharashtra,1,0.16452528294108762
SIM-003058,Punjab,0,0.05374309285574748
SIM-003099,WB,0,0.19730099911049198
SIM-003127,UP,1,0.1642380684745383
SIM-003289,WB,0,0.08002311443467863
SIM-003334,UP,1,0.0956727304919973
SIM-003597,MP,0,0.0985001494812586
SIM-003680,Gujarat,1,0.16118726468643385
SIM-003749,Maharashtra,0,0.07944449185802252
SIM-003810,Punjab,0,0.032987305835291296
SIM-003956,UP,0,0.056988768677419796
SIM-004041,Karnataka,0,0.14675585774870029
SIM-004065,UP,0,0.14688791087553896
SIM-004066,UP,0,0.09686776492170189
SIM-004084,Maharashtra,0,0.1277715219253156
SIM-004089,Maharashtra,0,0.07263356202534249
SIM-004330,MP,0,0.08742137963284069
SIM-004353,Punjab,0,0.09707408329902265
SIM-004390,AP,1,0.17710096681717394
SIM-004527,MP,0,0.1688755264436761
SIM-004560,Maharashtra,0,0.13303637534118867
SIM-004672,MP,0,0.1555132147947287
SIM-004695,Karnataka,1,0.26977444614769797
SIM-004709,MP,1,0.06637790782896914
SIM-004737,Karnataka,0,0.14679781778944148
SIM-004750,Gujarat,0,0.09379193390349021
SIM-004752,Punjab,0,0.10093680070891756
SIM-004803,AP,0,0.04945790718429349
SIM-004829,WB,0,0.0747272322185124
SIM-005081,MP,0,0.12421227114627308
SIM-005098,UP,0,0.30694088190855295
SIM-005353,Gujarat,1,0.2531197255571507
SIM-005357,AP,1,0.09744811032466705
SIM-005370,WB,0,0.1300818446682223
SIM-005506,AP,1,0.4250149785663292
SIM-005566,AP,0,0.12458764574964323
SIM-005752,Gujarat,0,0.13165779603809552
SIM-005786,UP,0,0.11448701060096712
SIM-005844,UP,1,0.10872494218371574
SIM-005915,Punjab,0,0.1506671337507252
SIM-006057,Gujarat,0,0.032132922122341395
SIM-006186,Karnataka,1,0.2318956544766225
SIM-006241,Maharashtra,0,0.29358088231775986
SIM-006298,Punjab,0,0.025380906947544545
SIM-006319,Maharashtra,0,0.19532509740803694
SIM-006324,WB,0,0.026440967571111692
SIM-006335,UP,0,0.09907456423483879
SIM-006423,Karnataka,0,0.12475137834069283
SIM-006451,MP,1,0.1393030468218391
SIM-006794,Maharashtra,1,0.5013841373645443
SIM-006800,Karnataka,0,0.18774160672331267
SIM-006912,UP,0,0.13296097756908182
SIM-006929,Punjab,1,0.22308113405863428
SIM-006937,UP,0,0.04548524955632327
SIM-007058,MP,0,0.08485744294313614
SIM-007097,Maharashtra,0,0.15543865658851
SIM-007101,Punjab,0,0.3133632086565455
SIM-007121,Maharashtra,0,0.11029339285987708
SIM-007242,Gujarat,1,0.204004702808502
SIM-007257,Maharashtra,0,0.11884507117505146
SIM-007279,Gujarat,0,0.0809267474261596
SIM-007313,Punjab,0,0.27079485307491824
SIM-007491,Punjab,0,0.1362088121794032
SIM-007512,MP,1,0.21465491578959559
SIM-007637,AP,0,0.10387771646352349
SIM-007701,Punjab,0,0.05946099130419367
SIM-007711,Maharashtra,0,0.13495485010556021
SIM-007762,UP,0,0.08071437608468665
SIM-007771,WB,0,0.030531990337411347
SIM-007821,Punjab,0,0.08432550110271923
SIM-007896,Punjab,0,0.049923989709284126
SIM-000030,UP,0,0.10113448357868418
SIM-000086,Gujarat,0,0.22097772696125997
SIM-000157,Karnataka,1,0.04310712827742269
SIM-000255,Maharashtra,0,0.07033985255563711
SIM-000283,Maharashtra,0,0.126460151729995
SIM-000287,AP,0,0.20091970239249013
SIM-000367,UP,0,0.04467926563209104
SIM-000587,MP,0,0.20160833006229106
SIM-000676,MP,0,0.16480121983102672
SIM-000741,UP,0,0.027546199870741653
SIM-000744,AP,0,0.08867943346286628
SIM-000879,AP,0,0.2843912412844566
SIM-000908,Punjab,0,0.09486787906987065
SIM-000927,Punjab,0,0.04158481504208913
SIM-000943,Maharashtra,0,0.4259202031789973
SIM-001009,UP,0,0.05927517317848511
SIM-001049,UP,0,0.08242094534085044
SIM-001064,MP,0,0.07480090193172613
SIM-001065,Karnataka,0,0.14867946736155077
SIM-001080,Punjab,0,0.07720657962936413
SIM-001127,Gujarat,0,0.10012789223006972
SIM-001394,WB,0,0.12528940300611496
SIM-001503,WB,0,0.048618837615186365
SIM-001537,UP,1,0.3300962546570149
SIM-001538,UP,0,0.05777777155787626
SIM-001546,UP,0,0.14847245972355685
SIM-001600,Punjab,0,0.09897295290172667
SIM-001765,MP,0,0.07205849512829138
SIM-001920,MP,0,0.38889745136222925
SIM-001926,Maharashtra,0,0.15286916655036842
SIM-002003,Karnataka,0,0.032169937488405236
SIM-002051,Karnataka,0,0.04846851540966638
SIM-002116,AP,0,0.1069660915582905
SIM-002173,Karnataka,0,0.162662947574873
SIM-002259,UP,0,0.14956938368090483
SIM-002276,WB,0,0.04316532512428958
SIM-002283,Karnataka,0,0.1633028377087881
SIM-002396,WB,0,0.17138468074312413
SIM-002453,Maharashtra,0,0.08316975285934572
SIM-002499,MP,1,0.18549151264289482
SIM-002552,UP,0,0.12018009728624443
SIM-002579,Maharashtra,0,0.16929345417953098
SIM-002657,MP,1,0.24744118259510237
SIM-002953,Karnataka,0,0.10071565515154993
SIM-003021,WB,0,0.1202959881337955
SIM-003182,Maharashtra,0,0.19909884927488852
SIM-003243,UP,0,0.10883943783468213
SIM-003385,AP,0,0.0945268581917027
SIM-003448,Gujarat,0,0.1276245537998364
SIM-003611,AP,1,0.13878186515809823
SIM-003621,MP,1,0.1279025956650751
SIM-003694,Gujarat,0,0.20797131852670703
SIM-003738,Karnataka,0,0.2887825373489137
SIM-003778,Punjab,0,0.16344351537581378
SIM-003952,UP,0,0.11415982516759805
SIM-003961,AP,0,0.0992314623903154
SIM-003967,UP,0,0.15788356491216526
SIM-004008,WB,0,0.07885776346925275
SIM-004009,Karnataka,0,0.142261627335997
SIM-004013,UP,0,0.14887362696069792
SIM-004033,AP,0,0.25762827557413215
SIM-004037,Maharashtra,0,0.09632890141623263
SIM-004071,AP,1,0.15674535540977777
SIM-004094,Punjab,0,0.14872097486514987
SIM-004124,AP,1,0.06218061555618011
SIM-004133,MP,1,0.21982290448336111
SIM-004245,UP,0,0.12344292290865452
SIM-004336,Maharashtra,0,0.07876241044999836
SIM-004349,UP,1,0.09446721057051173
SIM-004409,Maharashtra,1,0.2439275476873328
SIM-004435,Maharashtra,0,0.16379243741956584
SIM-004536,Gujarat,0,0.0780533386598867
SIM-004614,Karnataka,0,0.1546117020177832
SIM-004659,Punjab,0,0.08447995886546394
SIM-004668,Karnataka,0,0.057846523040170586
SIM-004807,UP,0,0.15803326183837504
SIM-004938,Karnataka,0,0.1282297323921618
SIM-005015,Gujarat,0,0.1927332947902216
SIM-005046,WB,0,0.07824662706433724
SIM-005124,UP,0,0.10599273391606125
SIM-005446,Karnataka,1,0.22315355579428983
SIM-005611,UP,1,0.18411304394807232
SIM-005619,Karnataka,1,0.3380124224813707
SIM-005691,Punjab,0,0.09703996181002769
SIM-005781,Maharashtra,0,0.06939531509431165
SIM-005821,Punjab,1,0.05445121053033962
SIM-005831,AP,0,0.04469870391930366
SIM-005842,AP,1,0.17522067873099278
SIM-005851,MP,1,0.12662861986050358
SIM-005900,Karnataka,0,0.27722732792264937
SIM-005919,Gujarat,0,0.08096515660029786
SIM-005937,Maharashtra,0,0.08644837260977083
SIM-006006,MP,0,0.1258160210353058
SIM-006101,UP,0,0.07269306240646226
SIM-006153,WB,0,0.07277630132360588
SIM-006213,AP,0,0.089081112919427
SIM-006267,Maharashtra,1,0.3096245172131624
SIM-006408,UP,1,0.4496613256777705
SIM-006416,AP,0,0.16204675333299678
SIM-006447,Maharashtra,0,0.04525957545169636
SIM-006522,Maharashtra,1,0.12313287146334281
SIM-006525,MP,1,0.15299148377809504
SIM-006541,AP,0,0.10865988573155391
SIM-006545,AP,0,0.13673215500838368
SIM-006550,Punjab,0,0.04439904085115142
SIM-006569,MP,0,0.0767580915433794
SIM-006613,WB,0,0.06347702812692871
SIM-006707,UP,1,0.1885706265396236
SIM-006721,WB,0,0.07036834838691002
SIM-006775,AP,0,0.17607478972830484
SIM-006843,WB,0,0.2849650152491895
SIM-006979,AP,1,0.2822516560215392
SIM-007052,UP,0,0.05449739963074992
SIM-007082,WB,0,0.06181368578162289
SIM-007445,Punjab,0,0.06557626942750841
SIM-007479,AP,0,0.2081817505159852
SIM-007518,UP,0,0.35040455274260535
SIM-007578,AP,1,0.06990592082766843
SIM-007591,Punjab,1,0.10925268288498624
SIM-007721,UP,0,0.4062813989360579
SIM-007746,UP,1,0.2200846807067402
SIM-007785,WB,0,0.042760698077756315
SIM-007927,Maharashtra,0,0.12610351254654797
SIM-007945,Karnataka,0,0.0878671133859961
SIM-000018,WB,0,0.12311403768514145
SIM-000026,AP,0,0.13130525990817676
SIM-000092,UP,0,0.07739732972601993
SIM-000096,MP,1,0.0727305307981371
SIM-000140,Karnataka,0,0.4421064565287893
SIM-000152,AP,0,0.12691149498680684
SIM-000208,WB,0,0.21491049431690337
SIM-000219,MP,1,0.15757840262377826
SIM-000254,UP,0,0.041243525404472
SIM-000300,Gujarat,0,0.13150506651896246
SIM-000386,Maharashtra,0,0.07175883343634709
SIM-000472,Gujarat,0,0.04614160916742241
SIM-000588,Karnataka,0,0.10884944604815024
SIM-000621,AP,1,0.12035421837423214
SIM-000661,AP,0,0.13575412572739176
SIM-000753,Gujarat,0,0.15641656367072357
SIM-000754,Maharashtra,0,0.11298533176433237
SIM-000861,Karnataka,0,0.07663748968008473
SIM-001000,MP,0,0.16331687308359066
SIM-001002,Punjab,0,0.2391874280953172
SIM-001058,AP,1,0.09321789015878419
SIM-001095,UP,0,0.07175797133784555
SIM-001280,UP,0,0.04138616766446013
SIM-001283,Punjab,0,0.14385847478605737
SIM-001309,UP,0,0.057572103672121455
SIM-001415,AP,0,0.28725282162852417
SIM-001560,WB,0,0.07104741905754815
SIM-001769,WB,0,0.12962739470747794
SIM-001786,AP,0,0.08630751461454955
SIM-001889,Maharashtra,0,0.18982371472642182
SIM-001982,WB,1,0.12495424883582908
SIM-002087,Gujarat,0,0.1503427177010912
SIM-002124,UP,0,0.08919249385964466
SIM-002135,WB,1,0.061519772852412544
SIM-002150,Punjab,1,0.06849263169983336
SIM-002292,UP,0,0.08491690115577558
SIM-002306,Punjab,0,0.031197543930191182
SIM-002381,UP,0,0.035268996527340515
SIM-002433,Gujarat,0,0.046267357052250865
SIM-002479,MP,0,0.18639102268118202
SIM-002492,Maharashtra,0,0.08738028419956205
SIM-002537,UP,0,0.07642700454032457
SIM-002612,Maharashtra,0,0.17979759045339136
SIM-002643,Karnataka,1,0.1189345573557319
SIM-002667,Gujarat,0,0.07562845823569146
SIM-002671,Punjab,0,0.05994886211216875
SIM-002736,Maharashtra,1,0.07355185904555905
SIM-002784,Karnataka,0,0.146123585992092
SIM-002874,WB,0,0.1425546614013451
SIM-003118,MP,0,0.21323729081102277
SIM-003149,UP,0,0.10354187402550684
SIM-003199,Maharashtra,0,0.062250384654980125
SIM-003307,AP,0,0.10053042307857649
SIM-003412,Karnataka,0,0.07391765515574614
SIM-003428,MP,1,0.2242285352335544
SIM-003450,Maharashtra,0,0.21980506258124954
SIM-003461,Gujarat,1,0.18023923687522858
SIM-003598,UP,0,0.07056617540651948
SIM-003696,Punjab,0,0.04254582153236057
SIM-003786,Gujarat,0,0.2660834444922333
SIM-003815,Punjab,0,0.17214236104268885
SIM-003913,Gujarat,0,0.061392545538997284
SIM-004067,Maharashtra,0,0.1292015027102177
SIM-004075,UP,0,0.029226307661327503
SIM-004119,AP,0,0.06084675573908589
SIM-004148,Karnataka,1,0.2557588785823921
SIM-004149,Maharashtra,0,0.052696430376583794
SIM-004179,Karnataka,0,0.1557133766815368
SIM-004221,MP,0,0.08919611295359463
SIM-004236,Gujarat,0,0.09381926458952286
SIM-004242,WB,0,0.07924826181446878
SIM-004257,Maharashtra,0,0.07554922574365996
SIM-004264,Maharashtra,0,0.12626258620917163
SIM-004314,UP,0,0.1121926876981161
SIM-004333,Karnataka,0,0.07951336598826149
SIM-004374,Karnataka,0,0.05323079115053893
SIM-004378,Gujarat,0,0.1681914061907172
SIM-004477,Maharashtra,0,0.07794078540127174
SIM-004669,Karnataka,0,0.1240068673371025
SIM-004707,AP,0,0.24721484456907017
SIM-004800,MP,0,0.13160259662526305
SIM-004814,AP,0,0.08484323874253073
SIM-004925,Punjab,0,0.06159874198652455
SIM-004961,WB,0,0.1782103972802722
SIM-005222,Karnataka,1,0.06422793306821972
SIM-005229,Punjab,0,0.041072648875992934
SIM-005348,AP,0,0.13072001115528978
SIM-005458,Punjab,0,0.06595295410897695
SIM-005626,UP,0,0.09613530305672041
SIM-005636,Gujarat,1,0.3839677613136106
SIM-005930,Karnataka,0,0.34209866928129384
SIM-005975,AP,0,0.25724896057885627
SIM-005979,Gujarat,0,0.240799392720856
SIM-006086,AP,1,0.18063870324209047
SIM-006212,Maharashtra,0,0.1766040364969916
SIM-006220,MP,0,0.2703084720911614
SIM-006269,UP,0,0.03812545831004099
SIM-006402,UP,0,0.13293803084010392
SIM-006435,MP,0,0.07318353249405693
SIM-006471,AP,0,0.14393477216401504
SIM-006485,Karnataka,0,0.18163292189897662
SIM-006676,Gujarat,0,0.05773920553711383
SIM-006759,Karnataka,1,0.3216739160122997
SIM-006781,Punjab,0,0.11090800176365259
SIM-006900,Punjab,1,0.23774225704636096
SIM-007089,Karnataka,0,0.09034366868005432
SIM-007188,Gujarat,0,0.2127620910653134
SIM-007201,Punjab,0,0.09865159445685767
SIM-007263,Maharashtra,0,0.09299697322924826
SIM-007286,Maharashtra,0,0.11951494009236631
SIM-007334,MP,0,0.08119698697877382
SIM-007341,Maharashtra,1,0.3419862828991614
SIM-007347,Gujarat,0,0.07361301382000718
SIM-007388,Punjab,0,0.03945082484766624
SIM-007542,UP,1,0.025687582051539867
SIM-007641,UP,0,0.16828454477372334
SIM-007659,Gujarat,0,0.15030860948294375
SIM-007697,Punjab,0,0.055188892370912915
SIM-007819,Karnataka,0,0.16190339453080632
SIM-007823,Karnataka,0,0.1405137930978041
SIM-007871,UP,0,0.09021478705200714
SIM-007878,Karnataka,0,0.25744516298833214
SIM-007935,AP,0,0.1648504196446096
SIM-007952,Punjab,0,0.2027674458416409
SIM-000039,AP,0,0.11816438635122854
SIM-000045,WB,0,0.037834734344781865
SIM-000155,Gujarat,0,0.2365275226657379
SIM-000176,Gujarat,0,0.05591950135629526
SIM-000252,MP,0,0.1260063733731122
SIM-000333,Gujarat,0,0.07610503398826393
SIM-000440,Maharashtra,0,0.07010181857903226
SIM-000518,Maharashtra,0,0.04918662255828389
SIM-000552,MP,1,0.15584515571938828
SIM-000733,WB,1,0.1914215237697683
SIM-000759,WB,0,0.07128557809882478
SIM-000797,WB,0,0.1687244384902482
SIM-000867,Maharashtra,1,0.3566412661110003
SIM-001033,AP,0,0.06242255094408772
SIM-001041,Gujarat,0,0.11156357855951245
SIM-001069,WB,0,0.05258656529791936
SIM-001106,Maharashtra,0,0.1416157477559321
SIM-001133,Gujarat,0,0.020523014755517186
SIM-001194,WB,0,0.02575486077115051
SIM-001196,Punjab,0,0.1547588540851136
SIM-001250,Maharashtra,0,0.046354884874335596
SIM-001252,WB,0,0.1027991335901103
SIM-001318,Maharashtra,1,0.12526023261468638
SIM-001557,MP,0,0.12645133008737205
SIM-001582,UP,0,0.09142434647449309
SIM-001603,UP,0,0.04763940805328435
SIM-001652,Gujarat,0,0.08137692607371742
SIM-001675,UP,0,0.02841788046369831
SIM-001684,Karnataka,0,0.10891265081151602
SIM-001814,Karnataka,1,0.2512832206339426
SIM-001908,MP,0,0.08871046708625027
SIM-001944,Gujarat,0,0.11826476249203238
SIM-001981,Gujarat,0,0.0681695745348189
SIM-001991,Gujarat,0,0.10930320889731628
SIM-002080,UP,0,0.1284133375384876
SIM-002133,Gujarat,0,0.041281962425512624
SIM-002219,Karnataka,1,0.26005294985058736
SIM-002303,Punjab,1,0.03401311659406873
SIM-002383,Gujarat,0,0.07631961274124079
SIM-002391,Punjab,0,0.054693214257874524
SIM-002397,Punjab,0,0.047633477033270394
SIM-002583,UP,0,0.0643958283172181
SIM-002696,Maharashtra,0,0.11451644647401935
SIM-002756,MP,0,0.10601047969607288
SIM-003016,Karnataka,1,0.24936918328224014
SIM-003024,MP,0,0.10154418940708262
SIM-003089,Gujarat,0,0.16674605239586923
SIM-003120,Gujarat,0,0.11957960811376792
SIM-003134,MP,1,0.20161671217426905
SIM-003184,Maharashtra,0,0.24700032076474357
SIM-003200,Maharashtra,0,0.2268305610063903
SIM-003252,AP,0,0.1279437035373044
SIM-003309,Karnataka,1,0.2760836464220294
SIM-003351,UP,1,0.03157248189588822
SIM-003386,Punjab,0,0.07604309809888658
SIM-003441,WB,0,0.0977229926660932
SIM-003495,Karnataka,1,0.11084495910855095
SIM-003496,Punjab,0,0.10111715388909716
SIM-003514,Gujarat,0,0.3919204303217242
SIM-003559,MP,0,0.04592167723865725
SIM-003564,MP,0,0.12780041990499305
SIM-003825,Gujarat,1,0.13788899440079463
SIM-003877,Gujarat,1,0.25643699679834187
SIM-004053,MP,0,0.08249253246003792
SIM-004139,Punjab,0,0.05576531907027123
SIM-004184,MP,0,0.2110148574521006
SIM-004326,Gujarat,0,0.06551774053476458
SIM-004365,Karnataka,0,0.5173450632380162
SIM-004542,Gujarat,0,0.06457439378597504
SIM-004561,Maharashtra,0,0.14980010299885
SIM-004661,MP,0,0.35305883151005113
SIM-004671,AP,1,0.100569940981426
SIM-004851,UP,0,0.08652256414836763
SIM-004923,WB,0,0.12238271625519581
SIM-005024,Punjab,0,0.05673270992061032
SIM-005389,Maharashtra,0,0.1330929144133747
SIM-005411,WB,0,0.1891542191490756
SIM-005477,MP,1,0.12845614954088888
SIM-005513,Gujarat,0,0.07850497509548802
SIM-005534,UP,0,0.07518582634702688
SIM-005726,MP,1,0.3263198592468137
SIM-005794,Punjab,0,0.08665410606526185
SIM-005848,Punjab,0,0.06766562998527892
SIM-005910,Karnataka,0,0.28062086723544727
SIM-005940,WB,0,0.08204896848560486
SIM-005944,Karnataka,0,0.21003798648909916
SIM-005965,UP,0,0.2170503104339593
SIM-006172,MP,0,0.2735080856189775
SIM-006232,UP,0,0.12826840913956494
SIM-006242,Punjab,0,0.03142131131313175
SIM-006306,Maharashtra,0,0.053419547590602884
SIM-006347,AP,0,0.16963283751584837
SIM-006409,Karnataka,0,0.18710420791270008
SIM-006477,Punjab,0,0.06412348800072017
SIM-006479,UP,0,0.09641957430800813
SIM-006649,Maharashtra,1,0.216636856709261
SIM-006732,MP,0,0.19900558016869793
SIM-006740,Punjab,1,0.192352738017543
SIM-006764,AP,0,0.0725336650870675
SIM-006785,WB,0,0.07667268455619038
SIM-006969,Gujarat,0,0.11809090224177557
SIM-007049,Punjab,0,0.0441425082138733
SIM-007164,Karnataka,1,0.23744060426150604
SIM-007185,Maharashtra,0,0.08186910896182488
SIM-007351,MP,0,0.11932344652436709
SIM-007392,MP,0,0.1880557543514031
SIM-007410,Karnataka,1,0.10887703277531134
SIM-007561,MP,1,0.1398438886083443
SIM-007623,Gujarat,0,0.09044792448483506
SIM-007755,Maharashtra,0,0.04864892559978874
SIM-007789,Punjab,0,0.05405714581930698
SIM-007816,Punjab,0,0.09264238814103253
SIM-000006,Maharashtra,0,0.1299974440263022
SIM-000170,Maharashtra,0,0.13254839720615252
SIM-000192,MP,0,0.0825158510617307
SIM-000217,UP,0,0.05813588000934958
SIM-000225,Gujarat,0,0.09415571335776442
SIM-000231,Maharashtra,0,0.11363572892777564
SIM-000240,Karnataka,1,0.15815171580744827
SIM-000279,AP,0,0.26933139468770473
SIM-000316,UP,1,0.23384907103264818
SIM-000416,Gujarat,0,0.06838564470596065
SIM-000543,WB,0,0.05255153057528246
SIM-000550,UP,0,0.2297932938956009
SIM-000721,Gujarat,0,0.189493698942965
SIM-000789,Karnataka,1,0.14625319156122285
SIM-000811,UP,1,0.48106161008350495
SIM-000903,Gujarat,0,0.09915433450739886
SIM-000948,Karnataka,0,0.08438058604180335
SIM-001073,Maharashtra,0,0.2518071408320258
SIM-001362,Gujarat,0,0.08084999899435115
SIM-001412,WB,0,0.07420639090722973
SIM-001462,UP,0,0.10299345022910668
SIM-001468,MP,0,0.33819778917949384
SIM-001504,AP,0,0.096900535902322
SIM-001545,MP,0,0.2898068139501526
SIM-001636,MP,0,0.11187983311890089
SIM-001663,Punjab,0,0.12199242430304517
SIM-001713,AP,0,0.2559735064321317
SIM-001753,Gujarat,0,0.13770807965363058
SIM-001829,UP,0,0.0793381272952326
SIM-002037,MP,0,0.09877238982177225
SIM-002089,UP,0,0.07259256958886175
SIM-002172,AP,0,0.07699263160395414
SIM-002187,MP,1,0.12357564722877723
SIM-002254,Maharashtra,0,0.09708579142694498
SIM-002473,AP,0,0.15967277478365047
SIM-002527,Maharashtra,0,0.1599189863395679
SIM-002530,AP,0,0.04712413040503988
SIM-002720,UP,0,0.35139643780828156
SIM-002731,MP,1,0.4377522269742221
SIM-002750,Karnataka,1,0.3218320838906581
SIM-002754,MP,0,0.15393386537695553
SIM-002876,MP,0,0.10802919105234896
SIM-002935,Punjab,0,0.12524225443445658
SIM-002970,Maharashtra,1,0.07456873026943311
SIM-003042,AP,0,0.07138344553773329
SIM-003112,UP,0,0.09732623897405276
SIM-003150,Karnataka,0,0.09244229213220297
SIM-003215,WB,0,0.026268032790172764
SIM-003251,Punjab,0,0.05194611423225098
SIM-003313,Gujarat,0,0.1489824966647366
SIM-003348,Punjab,0,0.1295495435053533
SIM-003433,Maharashtra,0,0.30381837014238167
SIM-003506,MP,1,0.20250840503668116
SIM-003560,Karnataka,1,0.23993452458784148
SIM-003656,Gujarat,0,0.10919968789969446
SIM-003668,Karnataka,1,0.16143081447282262
SIM-003674,MP,0,0.20083014415459977
SIM-003769,Maharashtra,0,0.04897897969638926
SIM-003974,Gujarat,0,0.023665244173456862
SIM-003983,WB,0,0.06885453525727449
SIM-003992,MP,0,0.16064105382563368
SIM-004002,AP,0,0.20475644134522633
SIM-004035,MP,0,0.0845389851101035
SIM-004137,AP,0,0.06266348708476849
SIM-004172,AP,0,0.14983179285071963
SIM-004211,Gujarat,0,0.05727242018247279
SIM-004232,Maharashtra,1,0.0972175759393038
SIM-004324,UP,1,0.14283365820483218
SIM-004334,Maharashtra,0,0.19350771399309954
SIM-004372,Karnataka,0,0.11091030312662079
SIM-004394,Maharashtra,0,0.17498533301847158
SIM-004448,Punjab,0,0.07933481900353251
SIM-004607,AP,0,0.14906742066767434
SIM-004788,Karnataka,0,0.06672031951057894
SIM-004846,Gujarat,0,0.053982400746115045
SIM-004847,UP,0,0.07102678306748803
SIM-004921,Gujarat,0,0.02568921314681128
SIM-004947,MP,0,0.07896878693627168
SIM-004949,MP,0,0.12164948779192715
SIM-004968,AP,1,0.11960072378198491
SIM-004987,MP,0,0.10669340516602488
SIM-005042,MP,0,0.12162008270274506
SIM-005045,Punjab,0,0.1343573979249193
SIM-005140,UP,0,0.32229022161990056
SIM-005249,MP,0,0.19168000767833657
SIM-005301,WB,0,0.17431614352513194
SIM-005303,Gujarat,0,0.046503246629703406
SIM-005331,AP,0,0.0997573002167137
SIM-005395,Karnataka,0,0.18520561136141855
SIM-005540,Karnataka,0,0.12529726643617287
SIM-005562,AP,0,0.14763363354562478
SIM-005572,UP,1,0.1433011435939003
SIM-005633,Karnataka,0,0.21991313883702274
SIM-005638,MP,0,0.1016824265191419
SIM-005654,Karnataka,0,0.06181643909418591
SIM-005711,AP,0,0.3382609336841556
SIM-005715,Karnataka,0,0.22093573227328236
SIM-005724,Maharashtra,1,0.13044510227537562
SIM-005748,WB,0,0.03434863707807639
SIM-005774,Gujarat,1,0.13109230430589053
SIM-005908,Karnataka,0,0.03851059633750241
SIM-005931,UP,0,0.10840155081863204
SIM-005990,AP,0,0.05912212017640985
SIM-006126,Maharashtra,1,0.19865618339484314
SIM-006127,Karnataka,1,0.31465257066255425
SIM-006128,WB,0,0.08138780133915156
SIM-006160,Punjab,0,0.055655475131738956
SIM-006198,Gujarat,0,0.042692646415766845
SIM-006233,Karnataka,1,0.1784899437947769
SIM-006273,MP,0,0.07553883192266186
SIM-006309,AP,0,0.04605921080855329
SIM-006415,UP,0,0.17823029894917322
SIM-006465,MP,0,0.1264926429569427
SIM-006536,Maharashtra,0,0.1125019845154495
SIM-006570,Karnataka,0,0.14158075369022025
SIM-006612,MP,0,0.1670089022566351
SIM-006646,UP,0,0.07700562555351523
SIM-006673,Punjab,0,0.02712793946026886
SIM-006773,MP,0,0.1422022782905298
SIM-006810,UP,0,0.08831842373547227
SIM-006927,MP,0,0.09078055594278943
SIM-006970,WB,0,0.026577822708806684
SIM-006983,AP,0,0.053055009981017
SIM-006994,Karnataka,0,0.1251049206053316
SIM-007048,Gujarat,0,0.14279437218475927
SIM-007070,Gujarat,0,0.057128227437562656
SIM-007114,Gujarat,0,0.1239192175464303
SIM-007172,AP,1,0.14500276379619395
SIM-007240,Karnataka,0,0.08910105223438128
SIM-007285,Karnataka,1,0.09589866528777793
SIM-007318,UP,0,0.08105481204760136
SIM-007372,WB,0,0.2977484957242588
SIM-007376,Gujarat,0,0.1004515971462398
SIM-007403,AP,0,0.1681113846859712
SIM-007440,Maharashtra,0,0.06895060171450877
SIM-007580,MP,0,0.1530476802025494
SIM-007621,Punjab,0,0.03549415970000641
SIM-007737,Gujarat,1,0.23048248373080596
SIM-007824,AP,1,0.2695285093117669
SIM-007969,UP,0,0.12182247726175148
SIM-000019,Maharashtra,0,0.059805357938956125
SIM-000020,WB,0,0.040112593744103454
SIM-000057,AP,0,0.05244952103897363
SIM-000070,UP,0,0.1923989226415882
SIM-000090,UP,1,0.11316275611545738
SIM-000132,Karnataka,1,0.1636402332054372
SIM-000142,Punjab,0,0.04135746390424312
SIM-000147,WB,1,0.09317147184639883
SIM-000233,Maharashtra,0,0.0704362515783584
SIM-000280,Gujarat,0,0.1873529785148223
SIM-000322,Karnataka,0,0.18048594634708187
SIM-000463,UP,0,0.06538937432267723
SIM-000488,WB,0,0.12206285082968171
SIM-000568,AP,0,0.16299133070667232
SIM-000631,MP,0,0.3462270064933771
SIM-000667,Punjab,0,0.03597196471965803
SIM-000710,UP,0,0.04248269136848792
SIM-000732,Gujarat,0,0.173492194647966
SIM-000788,Karnataka,0,0.13087549384958083
SIM-000911,Gujarat,0,0.07175543565958602
SIM-000918,UP,0,0.2572242794278676
SIM-000961,WB,0,0.09159061340805896
SIM-000982,UP,0,0.048433029518003955
SIM-001085,Maharashtra,0,0.13132002164740925
SIM-001110,Gujarat,1,0.4430565964924891
SIM-001192,Maharashtra,0,0.1787181535469046
SIM-001287,MP,0,0.03743869035164135
SIM-001295,MP,0,0.233435042817311
SIM-001354,UP,1,0.17913817357964804
SIM-001356,Maharashtra,0,0.06480616783760516
SIM-001389,Karnataka,0,0.0835905050281233
SIM-001498,Karnataka,0,0.03885753081003631
SIM-001539,MP,0,0.1323667534124225
SIM-001559,MP,0,0.16315950086254546
SIM-001571,Punjab,0,0.03899511048242577
SIM-001578,UP,0,0.08678945444742737
SIM-001789,MP,0,0.10888678669646117
SIM-001791,AP,1,0.052002318132316705
SIM-001805,AP,0,0.13605948971350545
SIM-001834,Maharashtra,0,0.2337619356685108
SIM-001895,AP,0,0.26348297276688465
SIM-002161,Maharashtra,0,0.5773381966153147
SIM-002189,AP,1,0.25334976355361327
SIM-002214,UP,1,0.2709963136633795
SIM-002246,UP,0,0.013909826336021062
SIM-002315,Punjab,0,0.05826494978054599
SIM-002326,MP,0,0.18788789137594486
SIM-002355,Karnataka,0,0.07691906418529765
SIM-002362,AP,0,0.12659057802210705
SIM-002386,UP,0,0.11765574293110058
SIM-002389,WB,0,0.08576981848519169
SIM-002441,Gujarat,0,0.177915727035741
SIM-002469,Karnataka,0,0.08622622322815181
SIM-002501,AP,0,0.054186642093439215
SIM-002529,Gujarat,0,0.0745838012990028
SIM-002641,UP,1,0.26778561633292597
SIM-002694,UP,0,0.24169627425796633
SIM-002895,UP,0,0.09617135487262733
SIM-002898,WB,1,0.26092884477781375
SIM-002928,MP,0,0.1748155581586109
SIM-003095,Maharashtra,0,0.19760159099312014
SIM-003457,MP,0,0.17378997001618987
SIM-003636,UP,0,0.06981119550507921
SIM-003679,Gujarat,0,0.06447572325651006
SIM-003685,Punjab,0,0.05150852401478449
SIM-003699,Karnataka,0,0.10471246716808266
SIM-003763,AP,1,0.17971576857628563
SIM-003775,WB,1,0.19197219945831748
SIM-003784,WB,0,0.04556825372229364
SIM-003800,UP,0,0.09516540349490916
SIM-003813,Gujarat,0,0.15561474033421632
SIM-003975,Gujarat,0,0.029677371208466016
SIM-004098,UP,0,0.019911090638509262
SIM-004134,WB,0,0.029049413852847407
SIM-004146,MP,1,0.13557635805394738
SIM-004169,Karnataka,0,0.1864702273120912
SIM-004383,UP,0,0.058227251913351395
SIM-004402,Gujarat,0,0.07352072988843363
SIM-004460,Karnataka,0,0.18586590625513225
SIM-004463,Karnataka,0,0.31400285766786756
SIM-004491,Maharashtra,0,0.16953854624318787
SIM-004600,MP,1,0.11518143725031918
SIM-004675,WB,0,0.06814599742128266
SIM-004704,Punjab,0,0.0419346525729116
SIM-004855,MP,0,0.18155657981200077
SIM-004904,AP,0,0.21753113933957413
SIM-004981,WB,0,0.07326008571468877
SIM-005113,Gujarat,0,0.11228452604324989
SIM-005119,Punjab,0,0.026672847614567945
SIM-005145,AP,0,0.06720457970686715
SIM-005146,Gujarat,0,0.06497308273991449
SIM-005375,UP,0,0.04641314803509801
SIM-005479,WB,0,0.2528859027431664
SIM-005542,MP,0,0.059521454621723965
SIM-005600,Karnataka,1,0.30447997271118504
SIM-005602,Gujarat,1,0.1902538503355496
SIM-005690,AP,0,0.05926138765371588
SIM-005698,AP,0,0.07685892159154557
SIM-005723,UP,0,0.17062782600392626
SIM-005789,MP,0,0.05124756987989988
SIM-005840,Karnataka,0,0.08015359843793125
SIM-005922,MP,1,0.1484824669504053
SIM-005970,Punjab,0,0.08554846376515905
SIM-005984,MP,1,0.04810522756457658
SIM-006036,UP,0,0.05626515973839872
SIM-006131,MP,1,0.2302234698534413
SIM-006211,WB,1,0.05172346408902412
SIM-006237,WB,1,0.11003980713666421
SIM-006271,Punjab,0,0.060878251987625795
SIM-006277,Maharashtra,0,0.049199184392741555
SIM-006339,AP,0,0.10931865912074146
SIM-006385,WB,0,0.04347347394011373
SIM-006480,AP,0,0.05263469235523122
SIM-006521,MP,0,0.13647744482198254
SIM-006587,Maharashtra,0,0.2886048514494796
SIM-006704,UP,0,0.0823508843967531
SIM-006768,MP,0,0.18431115735045056
SIM-006818,MP,0,0.13323910825267002
SIM-006825,AP,0,0.07582730412390143
SIM-006882,Punjab,1,0.05059327769593664
SIM-006887,UP,0,0.032892194753004325
SIM-006954,WB,1,0.1626452667673987
SIM-007029,UP,0,0.03416449577744829
SIM-007108,Maharashtra,0,0.11461683290015437
SIM-007140,UP,0,0.05293859875096086
SIM-007505,Gujarat,0,0.04550907431458257
SIM-007604,UP,0,0.14348061423532057
SIM-007605,UP,0,0.05887805366657716
SIM-007618,Maharashtra,0,0.05465475493645399
SIM-007874,UP,0,0.12487988277714726
SIM-007889,Gujarat,0,0.12470024605174973
SIM-007951,Gujarat,0,0.23735871383764345
SIM-007960,Maharashtra,0,0.107108237761438
SIM-007978,WB,0,0.07070953569497486
SIM-007979,UP,0,0.038568351315555735
SIM-000114,Maharashtra,1,0.15956653639063684
SIM-000348,Karnataka,0,0.0889840073871078
SIM-000398,UP,0,0.0320249726531844
SIM-000403,UP,0,0.04941887411635444
SIM-000441,Maharashtra,0,0.09976396297083277
SIM-000479,AP,0,0.04282221200104905
SIM-000501,WB,0,0.05121839627029425
SIM-000522,WB,0,0.09286829955904394
SIM-000601,AP,0,0.12734065672476497
SIM-000657,Gujarat,0,0.09353727380211507
SIM-000891,WB,0,0.05616804201581581
SIM-001019,MP,0,0.3400979093035671
SIM-001145,MP,0,0.16556790712060449
SIM-001156,AP,0,0.11133056657354116
SIM-001197,MP,0,0.09201309877192913
SIM-001213,Gujarat,0,0.12378330754674464
SIM-001272,MP,1,0.09024827629073665
SIM-001304,Gujarat,0,0.07835318026297414
SIM-001340,Maharashtra,0,0.07092134909859263
SIM-001434,MP,0,0.1859503896101382
SIM-001481,WB,0,0.04572985489913947
SIM-001762,MP,0,0.25096538478361524
SIM-001806,AP,0,0.30850724894926973
SIM-001840,Punjab,0,0.06593179373052813
SIM-001891,Gujarat,1,0.16609954684172
SIM-001946,WB,0,0.11527025141535054
SIM-001989,UP,0,0.04703301960264364
SIM-002042,AP,0,0.06082417984830832
SIM-002060,UP,1,0.09528391707633231
SIM-002154,WB,0,0.22939835958122284
SIM-002190,AP,0,0.18900528231265668
SIM-002270,UP,0,0.04802770690169986
SIM-002369,MP,1,0.17502620493854695
SIM-002390,UP,0,0.1019969127091302
SIM-002440,Maharashtra,1,0.3079478619416678
SIM-002510,WB,1,0.1362854455458137
SIM-002536,Punjab,0,0.02161836397706879
SIM-002624,AP,0,0.13989970218732292
SIM-002662,Karnataka,0,0.19201661221821398
SIM-002712,Gujarat,0,0.24191641550777823
SIM-002764,Karnataka,0,0.1629055015848644
SIM-002771,Gujarat,0,0.16124426857919802
SIM-002805,Gujarat,0,0.11790547695857705
SIM-002837,WB,0,0.060530375648438335
SIM-002851,WB,0,0.15398560418869237
SIM-002856,UP,0,0.075380193589331
SIM-002938,AP,1,0.09912699269936621
SIM-002991,Karnataka,0,0.04541511582593123
SIM-003066,Punjab,0,0.040851067407052
SIM-003390,UP,0,0.022733201837248515
SIM-003540,UP,0,0.10356775857236404
SIM-003565,Karnataka,0,0.11297378040668205
SIM-003605,Maharashtra,0,0.12544880026963065
SIM-003609,MP,0,0.16183254343711287
SIM-003695,UP,0,0.03784971766666738
SIM-003722,UP,0,0.06478259153285121
SIM-003747,WB,0,0.0665267986586194
SIM-003748,MP,0,0.43584869696676926
SIM-003839,Karnataka,0,0.21354528251510996
SIM-003891,WB,0,0.12509606683356553
SIM-003925,Karnataka,0,0.2055465411933015
SIM-003959,Punjab,0,0.09224741266100711
SIM-003996,Punjab,0,0.17999888098613973
SIM-004106,UP,0,0.2205001938972756
SIM-004116,AP,0,0.06729368125025537
SIM-004141,Karnataka,0,0.05694895668683218
SIM-004231,Maharashtra,0,0.1198376467269385
SIM-004293,Karnataka,0,0.12844970821193652
SIM-004298,MP,0,0.15249413656206984
SIM-004342,Karnataka,0,0.09742815224895453
SIM-004389,UP,0,0.03579315587069186
SIM-004432,Punjab,0,0.03385403388532871
SIM-004452,Gujarat,0,0.053320477331101034
SIM-004466,Punjab,0,0.1075993902915817
SIM-004470,UP,0,0.06932960814512323
SIM-004554,Gujarat,0,0.19026749426965756
SIM-004592,AP,0,0.018124709798466414
SIM-004654,Gujarat,0,0.1431565021884739
SIM-004777,UP,0,0.15910629381664357
SIM-004857,Gujarat,0,0.08517613120191153
SIM-004883,Maharashtra,0,0.11440882071764037
SIM-004930,Punjab,0,0.05084556043132899
SIM-004953,Gujarat,0,0.102940678022115
SIM-004957,Punjab,0,0.05294257023926834
SIM-005002,UP,0,0.1188369403376486
SIM-005185,Punjab,0,0.022833916416312442
SIM-005387,WB,0,0.07729391756801662
SIM-005394,WB,1,0.14890313230615737
SIM-005403,Karnataka,1,0.06687436457340949
SIM-005409,Gujarat,0,0.08066183073581279
SIM-005520,Gujarat,0,0.10979970035584383
SIM-005616,Gujarat,0,0.07550437701735668
SIM-005631,MP,1,0.2413733835906374
SIM-005657,Maharashtra,0,0.18374310935165825
SIM-005658,MP,0,0.12692765192685704
SIM-005676,AP,0,0.1389090678135375
SIM-005729,Gujarat,0,0.10180658784010728
SIM-005918,Karnataka,0,0.12430023364911469
SIM-005961,Karnataka,0,0.23736359535157947
SIM-006010,Maharashtra,0,0.18929517754100944
SIM-006040,Punjab,0,0.0785641412789697
SIM-006054,MP,0,0.052599753301750575
SIM-006069,Punjab,0,0.08866857782120688
SIM-006200,AP,0,0.07851384753079937
SIM-006274,WB,0,0.03216116874523376
SIM-006293,UP,0,0.1690919838475272
SIM-006322,UP,1,0.06341972413026047
SIM-006350,Punjab,0,0.05557722662356645
SIM-006352,Maharashtra,0,0.16170271053339197
SIM-006397,UP,0,0.32369077161077814
SIM-006417,UP,0,0.061932045319369106
SIM-006434,UP,0,0.29028491296412684
SIM-006572,UP,0,0.12601385392264844
SIM-006583,MP,1,0.2644175769633723
SIM-006627,Maharashtra,0,0.04815778100861781
SIM-006677,Punjab,0,0.0262492700867471
SIM-006681,Punjab,0,0.10966994580820742
SIM-006991,AP,0,0.1801891258349237
SIM-007025,MP,1,0.44201126269837193
SIM-007091,Maharashtra,0,0.15187056928769288
SIM-007098,WB,0,0.06644024833961082
SIM-007162,Maharashtra,1,0.13788949015115717
SIM-007265,Karnataka,0,0.07614788972844252
SIM-007287,Karnataka,1,0.19862415831793925
SIM-007458,Karnataka,1,0.09543579622049143
SIM-007477,UP,0,0.10017839177250461
SIM-007573,Punjab,0,0.02300125469270413
SIM-007630,MP,0,0.10826764802278091
SIM-007633,UP,0,0.1374726304207179
SIM-007684,AP,0,0.18807892988797184
SIM-007744,Karnataka,1,0.1419836775383989
SIM-007997,UP,0,0.2032220963388602
SIM-000000,Maharashtra,0,0.046557883131200406
SIM-000046,Karnataka,0,0.1369798507914159
SIM-000121,MP,0,0.08782168452398052
SIM-000237,Punjab,0,0.05391910514513648
SIM-000354,UP,0,0.0619758617996995
SIM-000376,AP,0,0.08567785434925554
SIM-000492,Maharashtra,0,0.13674424658037496
SIM-000558,UP,0,0.15918356918014293
SIM-000613,Maharashtra,0,0.04447280515427351
SIM-000651,Maharashtra,0,0.2686623380189295
SIM-000688,Karnataka,0,0.32085305683089205
SIM-000763,Gujarat,0,0.07194232619943201
SIM-000785,WB,0,0.17166927959297476
SIM-000845,WB,0,0.16430698252658946
SIM-000890,WB,1,0.04175258215576113
SIM-000893,AP,1,0.06856786039828777
SIM-000987,MP,1,0.1717180063049476
SIM-001032,Gujarat,1,0.10672550019210635
SIM-001077,Punjab,0,0.04511198238983125
SIM-001143,Gujarat,0,0.0876426673614477
SIM-001160,UP,0,0.09992091218077981
SIM-001177,Karnataka,1,0.0689901242462133
SIM-001205,Karnataka,0,0.08555155965486783
SIM-001414,UP,0,0.08342424253485103
SIM-001544,MP,0,0.20954505097608198
SIM-001569,Maharashtra,0,0.10912051554875782
SIM-001605,Maharashtra,0,0.04977943698701118
SIM-001639,MP,0,0.054579503955366454
SIM-001691,Punjab,0,0.016934445506971967
SIM-001870,UP,0,0.05546936069572263
SIM-001963,UP,0,0.10582452426131965
SIM-001999,Maharashtra,0,0.03876979565244201
SIM-002227,Karnataka,0,0.08128756879319729
SIM-002250,MP,0,0.05613916771678488
SIM-002280,UP,0,0.11340198718579084
SIM-002416,UP,0,0.08034630008146247
SIM-002567,AP,0,0.12130275517247405
SIM-002572,Karnataka,0,0.34458029459350825
SIM-002574,UP,1,0.06089706880300229
SIM-002578,Punjab,0,0.04184987865943469
SIM-002638,Gujarat,0,0.04844094527734484
SIM-002644,Gujarat,1,0.06362847214199262
SIM-002663,WB,0,0.13951243213759962
SIM-002729,Karnataka,0,0.06944881755152728
SIM-002913,Punjab,0,0.07405010178008743
SIM-003037,Maharashtra,0,0.17691477941083092
SIM-003040,Karnataka,0,0.08010405134160917
SIM-003087,Gujarat,0,0.09984008398828043
SIM-003167,MP,0,0.03394293535668751
SIM-003175,Gujarat,1,0.02211736086112932
SIM-003176,UP,1,0.08635745221422675
SIM-003196,MP,0,0.019386919584453963
SIM-003258,AP,0,0.1837277368729906
SIM-003310,Maharashtra,1,0.15270199486674638
SIM-003312,MP,1,0.12084267434122564
SIM-003315,Gujarat,0,0.0911893895422271
SIM-003331,AP,0,0.23036117444737078
SIM-003446,UP,0,0.06594865045330527
SIM-003523,UP,0,0.05007303468918038
SIM-003584,Gujarat,0,0.034505999217340294
SIM-003637,AP,1,0.22061462652312483
SIM-003766,AP,0,0.08129432634159267
SIM-003924,Punjab,0,0.14126533163846958
SIM-003997,MP,0,0.130730629665478
SIM-004021,Karnataka,0,0.07502387520070708
SIM-004175,Karnataka,1,0.0878449564646312
SIM-004180,UP,1,0.16592298527442678
SIM-004247,AP,0,0.105465285326054
SIM-004248,Punjab,0,0.055803721082391226
SIM-004250,Punjab,0,0.07961344322725503
SIM-004275,Maharashtra,0,0.16104520692875077
SIM-004328,Gujarat,0,0.08736488065715252
SIM-004337,Gujarat,0,0.12401046235743812
SIM-004361,UP,0,0.11331522245434025
SIM-004468,MP,0,0.14271399452860523
SIM-004567,MP,0,0.061918053494185284
SIM-004570,MP,0,0.33522560766810994
SIM-004588,Maharashtra,1,0.2030077839611725
SIM-004610,Maharashtra,0,0.04006823989501354
SIM-004652,Karnataka,0,0.13128069282562405
SIM-004690,Gujarat,0,0.09828960742829083
SIM-004731,AP,0,0.18417781458612756
SIM-004790,AP,0,0.15645242378197158
SIM-004837,MP,0,0.0239766936956532
SIM-004844,Maharashtra,0,0.0774882132225017
SIM-004885,Karnataka,0,0.26733890835394947
SIM-004940,Karnataka,0,0.19290169492044587
SIM-005055,UP,0,0.16752169363446434
SIM-005120,UP,0,0.10943184250853502
SIM-005183,Maharashtra,0,0.27982393805129074
SIM-005211,Punjab,0,0.053429392282677686
SIM-005264,Punjab,0,0.06634296744461063
SIM-005309,Gujarat,0,0.12372728006962254
SIM-005337,MP,0,0.12197656070004259
SIM-005354,Gujarat,0,0.03448156007231459
SIM-005407,AP,0,0.2065723733186577
SIM-005519,Gujarat,1,0.09537041430184513
SIM-005585,Karnataka,0,0.21135296608275655
SIM-005734,Maharashtra,0,0.10440138805765051
SIM-005936,Maharashtra,0,0.08558152896840467
SIM-006025,Maharashtra,0,0.07355245982025675
SIM-006102,WB,0,0.03497550902528343
SIM-006114,AP,0,0.0596079928875637
SIM-006209,UP,0,0.21001877291646298
SIM-006210,MP,0,0.03814027346820681
SIM-006245,Punjab,0,0.06747454936952621
SIM-006247,MP,0,0.09375058118599511
SIM-006259,Maharashtra,1,0.2719291736020857
SIM-006312,Gujarat,0,0.18945065874168848
SIM-006422,Punjab,0,0.037780572488525295
SIM-006458,AP,0,0.16469897727933377
SIM-006745,Gujarat,1,0.0468271638391934
SIM-006755,Karnataka,1,0.2121928731857389
SIM-006793,Punjab,0,0.04354184227482096
SIM-006837,UP,0,0.046612078655418554
SIM-006874,UP,0,0.07505077793086615
SIM-006885,Karnataka,0,0.1975615740648672
SIM-007125,Maharashtra,0,0.04002586726834045
SIM-007130,Karnataka,1,0.16816721946907154
SIM-007143,Gujarat,0,0.21948062212382244
SIM-007281,Karnataka,0,0.07599846298048925
SIM-007312,Karnataka,0,0.0520105514513991
SIM-007345,AP,0,0.090327068211637
SIM-007369,Karnataka,0,0.19707612520215861
SIM-007469,MP,0,0.06791115519073657
SIM-007598,Gujarat,0,0.03097521824308063
SIM-007693,Maharashtra,0,0.07185956147160787
SIM-007695,Karnataka,1,0.3074795139062845
SIM-007726,Maharashtra,0,0.1130263221791587
SIM-007733,Punjab,0,0.032050000584663015
SIM-007919,Gujarat,0,0.027979099233616488
SIM-007956,Karnataka,1,0.0552661547441173
SIM-000017,WB,1,0.05037725568488416
SIM-000038,Gujarat,0,0.13700584858686415
SIM-000260,MP,0,0.04958805843298897
SIM-000350,MP,0,0.14906424871203458
SIM-000385,UP,0,0.14206319709023252
SIM-000519,AP,0,0.1596652646636195
SIM-000520,MP,1,0.07732745391227927
SIM-000594,UP,0,0.04260928917705005
SIM-000653,UP,0,0.11534842276957688
SIM-000671,Maharashtra,0,0.11782579526672511
SIM-000708,Punjab,0,0.055931945690828024
SIM-000743,Punjab,0,0.16112659554932102
SIM-000777,UP,0,0.020173346811985435
SIM-000865,MP,0,0.04402956868922246
SIM-000881,UP,0,0.05120138299588392
SIM-000940,Maharashtra,0,0.2418522622742096
SIM-001081,AP,0,0.07404061480359672
SIM-001083,Karnataka,0,0.07362088229890913
SIM-001098,MP,1,0.21343918490868619
SIM-001224,UP,0,0.06705618302349443
SIM-001300,Gujarat,0,0.2195063597052105
SIM-001308,Gujarat,1,0.280912622499052
SIM-001325,Punjab,0,0.09061624043333544
SIM-001372,Gujarat,0,0.08877329828815157
SIM-001397,WB,0,0.03733470335378142
SIM-001460,Maharashtra,0,0.11310783536448248
SIM-001469,AP,0,0.11905829945967447
SIM-001491,Gujarat,0,0.16436777956324192
SIM-001592,WB,1,0.07092015573732627
SIM-001670,WB,0,0.05850152568659566
SIM-001678,Maharashtra,0,0.0610016513443564
SIM-001764,Punjab,0,0.045802832800541156
SIM-001816,Punjab,1,0.21242063542010348
SIM-001871,AP,0,0.12950469304929105
SIM-001911,Punjab,1,0.14239922755326376
SIM-002039,UP,0,0.041180828210164486
SIM-002107,Maharashtra,1,0.28191676553221884
SIM-002184,Karnataka,0,0.09567597257318872
SIM-002232,Maharashtra,0,0.10864682355595937
SIM-002460,Gujarat,1,0.1885005240106023
SIM-002503,Maharashtra,0,0.144140118616099
SIM-002587,UP,0,0.09675800061188523
SIM-002652,Gujarat,0,0.1492342968252634
SIM-002653,Punjab,0,0.04534835862526353
SIM-002788,Punjab,0,0.028491295671637676
SIM-002863,UP,0,0.04575579841912874
SIM-002982,UP,1,0.22904812268694727
SIM-003053,Gujarat,1,0.058514919564976876
SIM-003067,AP,0,0.09114842312183447
SIM-003083,Karnataka,0,0.03227288154126869
SIM-003103,Punjab,0,0.0798239472006494
SIM-003139,MP,0,0.23758790256322737
SIM-003330,Punjab,0,0.049389610619990136
SIM-003370,WB,0,0.09567278678801919
SIM-003488,Karnataka,1,0.16812359213633135
SIM-003504,UP,0,0.11248673864605123
SIM-003585,Karnataka,0,0.17553329135985596
SIM-003592,Punjab,0,0.039409272253987264
SIM-003629,Karnataka,0,0.061811264003649724
SIM-003645,Gujarat,0,0.04888951951690718
SIM-003646,MP,0,0.24981492756579446
SIM-003723,UP,0,0.08962790652782253
SIM-003734,Punjab,0,0.12349723111189291
SIM-003803,Punjab,0,0.06446696245488971
SIM-003861,Punjab,0,0.05435718917487844
SIM-003879,Karnataka,0,0.15267386857097304
SIM-004004,MP,0,0.2569581410339123
SIM-004006,Punjab,1,0.07521240521895693
SIM-004074,Maharashtra,0,0.08307454084289426
SIM-004080,AP,0,0.19143499318124987
SIM-004091,WB,0,0.04284680576938171
SIM-004113,UP,0,0.11848039832486565
SIM-004222,Gujarat,0,0.2625935553486121
SIM-004243,UP,1,0.10736582053073437
SIM-004286,AP,0,0.04303636606756714
SIM-004345,Punjab,0,0.1781946591232735
SIM-004370,UP,0,0.03539171625377916
SIM-004393,WB,0,0.06924885997649674
SIM-004521,Karnataka,0,0.14243403048998324
SIM-004549,Gujarat,1,0.06352411517775733
SIM-004550,WB,0,0.2337880431684263
SIM-004768,Maharashtra,0,0.19407205079378081
SIM-004792,UP,0,0.11196478756892078
SIM-004793,Karnataka,1,0.39216832439174076
SIM-004836,Maharashtra,0,0.06258076837218912
SIM-004873,Maharashtra,0,0.12202350034780214
SIM-004878,Maharashtra,0,0.04636071232026818
SIM-005102,UP,1,0.1732334323588137
SIM-005215,Karnataka,0,0.04364498924093103
SIM-005238,WB,0,0.03320965456429117
SIM-005287,UP,1,0.06767314280457473
SIM-005325,Gujarat,1,0.07345385317427543
SIM-005405,Gujarat,0,0.05861530172282886
SIM-005430,Maharashtra,1,0.1332544301904521
SIM-005508,MP,0,0.0509652950856809
SIM-005675,UP,0,0.03521855692815104
SIM-005694,AP,0,0.2429993890202142
SIM-005722,AP,0,0.0544769569407226
SIM-005762,UP,0,0.05892412233143978
SIM-005849,Maharashtra,0,0.06482679236419159
SIM-005870,Maharashtra,0,0.15168824902453334
SIM-005873,Punjab,0,0.050117326964909205
SIM-005935,AP,0,0.04183882223075792
SIM-006023,AP,0,0.05056457325458287
SIM-006028,Karnataka,0,0.09221817784910609
SIM-006051,Karnataka,0,0.3668714686943068
SIM-006244,UP,0,0.05145316827847532
SIM-006301,AP,0,0.08576624489808306
SIM-006380,Karnataka,0,0.1734309218813891
SIM-006388,Maharashtra,0,0.03804363873802342
SIM-006450,AP,0,0.15248749458632355
SIM-006473,WB,0,0.10297944251783293
SIM-006489,Maharashtra,0,0.1359639235713627
SIM-006709,Punjab,0,0.06281249996655594
SIM-006749,UP,0,0.04159961007854944
SIM-006806,AP,0,0.06121564721814181
SIM-006851,Gujarat,1,0.07920843167756547
SIM-006855,UP,0,0.06308897671105099
SIM-006888,Gujarat,0,0.052253147773740474
SIM-006895,UP,0,0.24478400139785778
SIM-006919,MP,1,0.3450110479902456
SIM-006951,Punjab,0,0.0319096765559289
SIM-006956,MP,0,0.05553415713660115
SIM-007116,WB,0,0.18568241013387943
SIM-007120,WB,0,0.09052069846433908
SIM-007144,MP,0,0.16928446042320494
SIM-007183,AP,0,0.20381433023830764
SIM-007269,AP,0,0.05456865138130808
SIM-007278,Maharashtra,0,0.239032514315332
SIM-007325,AP,0,0.058948743904339455
SIM-007343,Gujarat,0,0.08865865949142565
SIM-007357,AP,0,0.13750580446880162
SIM-007570,AP,0,0.1716362008005839
SIM-007594,Punjab,0,0.047049312603686944
SIM-007616,Karnataka,1,0.17908846917623555
SIM-007685,WB,0,0.040286315792035184
SIM-007722,WB,0,0.20899169083973704
SIM-007851,UP,0,0.060411450739193163
SIM-000041,Punjab,0,0.07903572494197127
SIM-000062,MP,0,0.08604585093583066
SIM-000069,Gujarat,0,0.19025045483106937
SIM-000207,Maharashtra,1,0.12444871859515579
SIM-000296,Maharashtra,0,0.16551853934787963
SIM-000328,AP,0,0.10246090961899615
SIM-000608,AP,0,0.06912288394289551
SIM-000674,Punjab,0,0.2431027822634099
SIM-000696,Maharashtra,0,0.2610862157876181
SIM-000769,Maharashtra,0,0.07501684396752523
SIM-000936,WB,0,0.042289468359016515
SIM-000944,MP,0,0.11800570214014744
SIM-000997,Punjab,1,0.16814398318091645
SIM-001097,AP,0,0.04586138086372661
SIM-001191,MP,0,0.08588027108183151
SIM-001233,Maharashtra,0,0.03932073840516914
SIM-001278,Gujarat,0,0.18089061589924782
SIM-001323,Punjab,0,0.04293043361288323
SIM-001371,Gujarat,0,0.3664585120666042
SIM-001377,AP,0,0.21916204777792264
SIM-001403,Maharashtra,1,0.5591857919829377
SIM-001513,UP,0,0.2954915138320025
SIM-001532,MP,1,0.17826685105147366
SIM-001556,UP,0,0.15645950002462458
SIM-001585,Karnataka,0,0.1662616610480458
SIM-001686,UP,0,0.09515361806743924
SIM-001747,UP,0,0.06972688670002096
SIM-001757,Punjab,0,0.03617837301789841
SIM-002053,WB,0,0.11970981839338043
SIM-002070,AP,1,0.12958041064744819
SIM-002136,Punjab,0,0.036833590769829554
SIM-002147,MP,0,0.1511701797338945
SIM-002447,Maharashtra,0,0.13784254132594415
SIM-002480,Maharashtra,0,0.17095847730187305
SIM-002535,WB,0,0.049517195201796545
SIM-002604,Maharashtra,0,0.07378769825411517
SIM-002627,Karnataka,0,0.22149925861171477
SIM-002656,Gujarat,0,0.07352103850408566
SIM-002751,Karnataka,1,0.22412729851025917
SIM-002781,Karnataka,1,0.232082664296435
SIM-002865,Punjab,0,0.04619674969396275
SIM-002964,Maharashtra,0,0.16444775592209393
SIM-002987,WB,0,0.05133595362595374
SIM-003017,Karnataka,0,0.07514540583887101
SIM-003023,MP,0,0.08103420388463657
SIM-003044,Punjab,0,0.06878324798816497
SIM-003108,UP,0,0.02112716053994891
SIM-003207,UP,0,0.14391730730658367
SIM-003226,Maharashtra,1,0.29319031990283834
SIM-003233,Gujarat,1,0.22132989275238243
SIM-003392,MP,0,0.11599654744458446
SIM-003466,AP,0,0.08203698584566523
SIM-003493,WB,0,0.12573690719081695
SIM-003541,AP,0,0.028772960001933686
SIM-003543,Maharashtra,0,0.14836894472137435
SIM-003586,Karnataka,0,0.14638273343687616
SIM-003604,UP,0,0.05832982562238472
SIM-003708,Maharashtra,0,0.1270366373225692
SIM-003849,WB,0,0.11831542524131053
SIM-003931,Karnataka,0,0.10307365974170046
SIM-004049,WB,0,0.17124257963954426
SIM-004171,Maharashtra,0,0.07870173403534504
SIM-004368,UP,0,0.04396927774931512
SIM-004420,MP,1,0.2026822361864298
SIM-004450,AP,0,0.18136312553009085
SIM-004488,WB,0,0.11737289116249842
SIM-004565,Karnataka,0,0.08448562259744023
SIM-004566,Maharashtra,0,0.11599930278254691
SIM-004608,MP,0,0.13203244483927618
SIM-004679,Karnataka,0,0.09608063929778184
SIM-004757,UP,0,0.18389318633495044
SIM-004765,AP,0,0.1430771809369614
SIM-004894,Punjab,0,0.0939680020081883
SIM-004971,Karnataka,0,0.09562508040464034
SIM-005012,Punjab,0,0.04939301017014902
SIM-005016,Gujarat,0,0.06621607556843515
SIM-005027,MP,0,0.14381451460674216
SIM-005099,Maharashtra,0,0.08602870470853663
SIM-005139,Karnataka,0,0.11427401479593438
SIM-005204,WB,0,0.048330576736796624
SIM-005261,Gujarat,0,0.04467103784263839
SIM-005342,Punjab,0,0.038530695168306296
SIM-005355,Maharashtra,0,0.2004822346474983
SIM-005364,Punjab,0,0.03186561448358063
SIM-005443,Gujarat,0,0.07651721756501027
SIM-005484,WB,0,0.08553131440649521
SIM-005504,AP,0,0.047012716738497905
SIM-005525,Maharashtra,0,0.13007289664889574
SIM-005622,UP,0,0.02679892247165868
SIM-005662,WB,0,0.04156200940756031
SIM-005680,AP,0,0.14921467123986035
SIM-005741,UP,0,0.06626914882695392
SIM-005743,UP,0,0.09604973640040754
SIM-005888,Karnataka,0,0.1939525704913707
SIM-005894,Maharashtra,0,0.033795084500445854
SIM-006004,Maharashtra,0,0.04104097693839107
SIM-006009,Gujarat,0,0.13391786099638103
SIM-006141,Punjab,0,0.08665793789000889
SIM-006142,MP,0,0.1417596811381428
SIM-006149,AP,0,0.16472653216571984
SIM-006152,AP,0,0.11172829865795332
SIM-006348,UP,0,0.15914482706757413
SIM-006354,UP,1,0.06538906998145914
SIM-006431,Maharashtra,0,0.08112189312717101
SIM-006448,Punjab,0,0.0424080572675403
SIM-006456,UP,0,0.11308543775647738
SIM-006496,Gujarat,1,0.146193035655797
SIM-006638,UP,0,0.18233300630019825
SIM-006684,UP,1,0.11383594226711179
SIM-007067,Karnataka,0,0.03848607639619428
SIM-007077,UP,0,0.06446760745448568
SIM-007110,Gujarat,0,0.13018742718390425
SIM-007123,Gujarat,0,0.11248019250411699
SIM-007200,WB,0,0.07868581539282087
SIM-007219,UP,0,0.04732447650281679
SIM-007226,WB,0,0.088166441414103
SIM-007419,Maharashtra,0,0.0654728597721784
SIM-007422,MP,0,0.1745795803932899
SIM-007433,Maharashtra,0,0.09077922501271618
SIM-007603,Punjab,0,0.051894016263272
SIM-007642,Karnataka,1,0.17115717484316564
SIM-007647,UP,0,0.03716028704499157
SIM-007663,Karnataka,0,0.18583614860441425
SIM-007786,Maharashtra,1,0.1392186056624916
SIM-007792,WB,0,0.12705425795410932
SIM-007829,Punjab,0,0.07557790394802491
SIM-007895,UP,0,0.07012100120041377
