x,y,default,region
-18.16248,-15.70509,0,UP
-11.261538,-13.613295,0,Gujarat
14.076854,18.98731,0,Maharashtra
-5.6648703,14.421843,0,MP
-8.641806,-2.7184231,0,AP
-7.69086,-15.260475,0,UP
16.378305,15.502854,0,Karnataka
5.045154,22.114515,0,Maharashtra
-9.786516,-4.9624906,0,Karnataka
-7.053875,12.684137,0,Maharashtra
5.813442,12.806982,0,AP
6.825006,21.341177,0,Karnataka
-10.318784,-0.07120152,1,MP
-9.8444805,-12.178649,1,Karnataka
13.635292,3.758856,0,WB
-13.905859,-7.994056,0,Gujarat
-21.85664,-5.42281,0,UP
-10.848491,-18.413862,0,Punjab
-6.4987097,-4.9702816,0,AP
5.063126,-4.8436837,0,Karnataka
-1.5282696,22.954502,0,Karnataka
6.5741215,19.935726,0,Karnataka
-2.9592326,7.145008,0,Gujarat
-8.889891,-19.17982,0,Punjab
5.1343403,-10.431118,0,MP
-1.3772668,-3.5931504,0,Karnataka
-11.595196,-2.0375793,0,Maharashtra
-10.579888,-23.810537,0,Punjab
8.6827345,-7.2528267,0,Gujarat
-19.377491,-6.7674513,0,Punjab
15.664516,-8.840917,0,Gujarat
0.9351779,15.940404,0,AP
-11.001214,0.46136448,0,Karnataka
-8.5307455,-7.930338,0,WB
-15.443202,2.1466463,0,Maharashtra
-6.4100738,-6.5531445,0,WB
8.620843,12.238327,0,Karnataka
-12.997033,1.6359246,0,MP
0.09551974,8.448161,0,UP
18.30277,17.269688,1,Maharashtra
2.68663,4.813773,0,WB
11.109192,-5.8393464,0,Karnataka
-4.402866,-19.606289,0,Punjab
12.650811,22.958992,0,MP
14.324585,17.39471,0,Karnataka
0.6684611,-13.456065,0,WB
-5.9017534,0.70038694,0,AP
-10.68343,-20.026426,0,UP
-1.3996706,22.003704,0,Gujarat
-8.124653,-4.041959,0,Karnataka
7.7047734,8.019662,0,AP
4.854844,5.914034,0,Gujarat
5.102862,-10.194462,0,Gujarat
-14.695394,-18.699484,0,WB
7.5115714,24.65033,0,Gujarat
-7.808814,-21.203806,0,Gujarat
-16.426598,-19.648842,0,Punjab
4.7376018,-9.417159,0,Maharashtra
-0.4815396,1.2781268,0,Gujarat
1.1935761,23.123251,1,Karnataka
1.6757603,-3.5058239,0,MP
-9.893029,-25.629637,0,Gujarat
7.4684596,24.829731,0,Gujarat
1.1177452,12.590267,0,Maharashtra
-2.2102728,-17.275438,0,WB
7.7197013,14.888724,0,Gujarat
-13.055146,8.627364,1,Gujarat
6.2294145,19.319683,0,MP
-4.0168376,4.201666,0,MP
-0.7423747,-23.433868,1,WB
-6.1108017,-7.8774858,0,WB
9.856174,2.4153955,0,Maharashtra
-9.143631,-15.111617,0,UP
-4.5837507,-1.8678184,0,Maharashtra
12.344674,17.444239,0,Karnataka
4.006495,-4.7144256,0,MP
-5.625648,-16.222319,0,WB
9.21697,14.175745,0,MP
-6.67664,12.812533,0,Gujarat
12.9213705,20.255661,0,Maharashtra
-7.786636,-8.799967,0,WB
19.609318,7.8926735,1,Maharashtra
3.7504947,14.611098,0,AP
0.5565548,21.042482,0,MP
11.479888,10.855052,1,Maharashtra
-2.4149678,8.483432,0,AP
8.374771,26.075596,0,MP
-17.777637,-4.8347583,0,MP
-13.553191,-6.8188434,0,Punjab
0.54355985,17.89871,0,Gujarat
-5.24813,-2.1441567,0,Maharashtra
9.60185,9.966821,1,AP
5.596299,17.64833,0,MP
-7.3339777,13.648923,0,AP
-13.730029,-20.494293,0,WB
14.109273,4.3493376,1,AP
-2.9384828,7.268257,0,MP
-1.4076949,-23.65407,0,UP
-11.134822,-14.985011,0,UP
-5.341972,-9.833089,0,WB
-11.194307,-16.84605,0,WB
-6.3690295,-11.602684,0,UP
7.660638,10.520055,1,UP
-4.6292505,17.130493,1,Maharashtra
-1.8699083,13.883545,0,Maharashtra
-20.04585,-3.8335037,0,MP
-12.127333,-13.037704,0,WB
3.3435066,-1.9812894,1,AP
5.1526628,25.67025,0,Maharashtra
2.923796,-3.28761,0,Maharashtra
-11.822772,-12.476494,0,UP
10.3253765,-12.923604,1,Karnataka
7.0808907,11.2464485,0,Maharashtra
-7.731189,-13.082029,0,Gujarat
-19.48383,-6.3866906,0,Punjab
-5.524424,-18.15825,0,Punjab
16.492233,20.044628,1,Karnataka
-1.9921702,-25.402102,0,UP
-8.203483,-10.56323,0,UP
1.1242285,-7.6593466,0,Punjab
-7.3097687,5.631081,0,UP
-17.363855,-0.39209795,0,Maharashtra
1.2476853,25.421688,0,AP
-4.699945,-9.721048,0,UP
0.9205252,-7.1275353,0,UP
17.894066,31.185043,0,AP
-13.891649,-15.2799425,0,UP
2.2489538,10.787738,0,AP
-3.9342754,-8.209556,0,UP
7.670611,24.391163,0,Maharashtra
8.305815,16.735258,0,AP
18.651834,15.648881,0,MP
3.8437932,11.774026,0,WB
12.85722,22.58878,0,MP
9.728348,9.598782,0,Maharashtra
5.237276,7.922028,0,Maharashtra
-0.74185216,-8.700463,0,AP
8.646682,19.547628,0,MP
-1.7328495,16.040888,0,UP
-16.177782,-12.213158,1,Punjab
13.203351,15.612552,0,Maharashtra
10.729199,-7.8626285,0,Karnataka
-2.0960867,17.455938,0,AP
-10.628397,-1.6501886,0,AP
8.842022,-4.2338657,0,UP
-17.338892,-9.290119,0,Maharashtra
9.407456,-2.9783452,0,Karnataka
-2.4903224,-10.160005,0,Punjab
0.5246203,0.92683905,0,MP
8.58322,5.620456,0,Maharashtra
-12.286958,-20.287868,0,Punjab
1.2848834,-13.608706,1,UP
1.394392,6.6044607,0,WB
-2.7521434,-3.3046348,0,Maharashtra
2.2264311,1.0644746,1,Maharashtra
-9.722908,-9.403341,0,AP
-1.3414536,17.104713,0,MP
-0.43485916,-5.7031307,0,AP
-2.2445943,-18.338482,0,WB
10.0265875,19.911419,0,MP
14.434373,11.406874,1,AP
1.8538606,6.8576617,0,UP
-15.194891,5.3944945,0,Punjab
-5.34789,-9.826255,0,Gujarat
-20.097908,-11.639353,0,WB
-2.1128535,13.881399,0,AP
18.591244,15.632709,0,MP
6.4487143,7.0107517,0,Maharashtra
13.46009,18.761318,1,Gujarat
7.6189814,-18.00329,0,Punjab
-0.9211277,-5.2652187,0,AP
15.394626,13.433879,0,Karnataka
-2.1491032,15.22519,0,Gujarat
15.3371935,6.13987,0,MP
-5.909671,-6.7525716,0,AP
-15.013722,-9.292093,0,Punjab
4.8260007,5.9416676,0,Maharashtra
-10.378165,11.3038645,0,Karnataka
-5.175685,6.259925,0,Punjab
9.132415,-9.719994,0,Gujarat
2.6922607,6.597899,0,MP
-2.71047,-5.965223,0,Maharashtra
-0.18061638,19.947887,0,Maharashtra
-12.410182,-13.032548,0,Karnataka
6.133841,18.647366,0,MP
-6.7446613,-6.7757764,0,UP
-9.372279,-16.196777,0,WB
-5.0884094,-0.12949452,0,MP
3.7436268,5.7881784,0,Maharashtra
16.33013,-7.049189,0,Gujarat
-7.0858893,-14.6732645,0,AP
-4.3123817,14.766642,0,Maharashtra
10.512366,0.040470894,0,MP
0.9348765,0.951521,0,UP
-11.001873,1.9690726,0,Karnataka
5.38798,-13.383334,0,Maharashtra
6.853613,15.586979,0,MP
13.700727,-12.738321,0,AP
8.321714,-18.276812,1,WB
5.6253858,-2.7433121,0,Gujarat
-4.3015003,5.6752987,0,Punjab
-17.966827,-11.318322,0,WB
7.5056586,-9.688774,0,Gujarat
-7.310749,-18.786007,0,Punjab
-6.0751038,18.67596,0,Karnataka
9.55704,17.237173,1,AP
-11.992283,-20.754324,0,Punjab
-3.1916788,19.082794,0,Karnataka
-16.292515,7.6993318,1,AP
15.441193,13.212878,0,Gujarat
16.156301,-8.4942875,1,Maharashtra
14.32289,12.818199,0,Maharashtra
-10.672359,-11.209413,0,UP
-0.13421163,14.534184,0,AP
17.883278,16.417755,0,Gujarat
1.1499857,-18.168858,0,Punjab
11.717498,7.956229,1,AP
3.6611366,9.832472,0,AP
-13.825566,-20.533356,0,Punjab
-16.114813,-16.10081,0,WB
5.0059185,13.691813,0,Karnataka
-9.05918,3.8100054,1,Gujarat
-13.383954,-3.17566,0,Punjab
-9.691429,-3.2415416,0,MP
-5.066497,-22.373772,0,Punjab
5.122549,13.189459,0,Maharashtra
-0.52302605,21.502014,0,MP
-1.3024813,-13.07741,0,WB
11.866935,-14.767688,0,Maharashtra
6.4756737,8.559105,0,AP
-14.044819,1.5989527,0,Gujarat
11.830575,20.874868,0,MP
-9.654841,-12.367372,0,UP
-5.635082,-14.239167,1,Punjab
13.762812,15.170136,1,Maharashtra
-6.073835,-3.5963948,0,Maharashtra
4.798152,12.494058,0,AP
-13.649983,9.0762615,0,Punjab
-10.824414,2.1189365,0,Karnataka
16.72487,13.858289,0,Maharashtra
13.78257,-13.802854,0,WB
9.729703,-17.417162,0,Gujarat
9.205191,-2.3273861,1,Karnataka
-1.5178087,-1.3160628,0,Gujarat
-3.2712154,4.3165436,0,UP
-7.435472,-1.3610076,0,Maharashtra
-11.172932,-16.940098,0,WB
18.568329,15.722753,0,Gujarat
-9.500424,3.1376054,0,Karnataka
5.0665627,25.816269,0,AP
5.8760834,-15.024378,0,Maharashtra
3.135575,15.360206,0,Maharashtra
11.506133,-11.484662,0,AP
-1.4617845,-10.096817,0,Gujarat
-3.516429,-2.88066,0,Gujarat
1.7974321,0.03286082,0,Maharashtra
-4.0551205,-15.876447,0,WB
5.3255687,-6.0184336,0,Punjab
7.673332,3.739118,1,Gujarat
2.5089285,-19.519215,0,UP
4.20098,-12.216336,0,AP
-3.6016836,19.698402,0,Karnataka
-17.95749,-8.9596405,0,AP
-2.0476403,-15.327145,0,Gujarat
-18.555283,-21.306679,0,Gujarat
-6.9070535,-18.80544,0,WB
-3.4726505,24.12445,0,MP
1.0756674,14.1633005,0,Karnataka
10.128186,-16.664879,0,UP
2.0442507,-17.492355,1,UP
-12.077564,-8.000469,0,UP
-18.30616,-11.110066,0,UP
16.86424,32.883186,1,UP
-11.786011,-6.1332126,0,Gujarat
-8.237417,-18.002665,0,UP
13.267619,9.190806,0,MP
-2.6607769,-7.6267595,0,Gujarat
-13.59023,-10.172786,0,Punjab
1.7887224,4.145731,0,UP
14.767318,-6.172094,0,AP
-4.854601,-7.5525265,0,WB
-5.9203234,-2.4300635,0,Gujarat
-4.218299,19.171743,0,AP
-6.4690886,-22.136806,0,Punjab
8.618881,5.6380196,1,Punjab
-7.6535144,-5.2172656,0,MP
7.690169,-0.21764287,0,Karnataka
-9.155991,-24.14823,0,Maharashtra
-9.80615,-9.380661,0,UP
-11.254274,14.431853,0,Karnataka
10.914987,11.779111,0,MP
-2.4594858,3.3829334,1,UP
-8.338988,-2.5209599,0,Maharashtra
-4.2218184,2.4304569,1,AP
-2.917006,8.596556,0,Gujarat
-16.170927,0.6636633,0,Maharashtra
-0.3846615,-12.496485,0,UP
4.758142,-15.199273,0,WB
12.796126,2.6312644,0,Gujarat
19.438574,13.603212,1,MP
4.399784,16.986483,0,Maharashtra
8.464146,13.068837,0,Karnataka
17.185156,13.89883,0,AP
-8.174648,-18.184595,0,UP
0.59918004,-1.6493114,0,Karnataka
-5.4949875,-20.93524,0,UP
-13.388371,-17.99293,0,Punjab
17.51767,5.0473886,1,MP
17.172962,33.493584,1,AP
-12.632409,-23.107645,0,Punjab
10.722511,23.40669,0,Karnataka
-13.910033,-18.52958,0,UP
7.079368,-3.6522336,0,Maharashtra
-16.90642,-16.305492,0,WB
11.081849,21.507717,0,Karnataka
-1.3443753,-13.391015,0,WB
4.42665,21.693415,0,Karnataka
-0.21808757,-15.499217,0,UP
8.349144,-13.040081,0,WB
7.873073,-0.9157464,0,Maharashtra
7.4291635,-19.276772,1,Punjab
-18.855839,-21.028204,0,Punjab
-3.9376316,-12.821512,0,UP
6.8242984,-8.323655,0,Maharashtra
0.2332155,5.489883,0,UP
3.2492135,-13.150279,0,Punjab
11.482475,-11.247756,0,Karnataka
-7.6303477,-21.30128,0,Punjab
7.744832,9.187708,0,Maharashtra
-13.300805,-3.3840797,0,UP
8.532253,-15.924841,1,Karnataka
-2.7424529,-17.856531,0,WB
-19.477264,-16.904198,0,AP
0.43521148,-15.318001,0,WB
5.013753,-2.625198,0,Gujarat
-10.472483,-1.9350022,0,UP
10.772602,-9.856835,0,AP
15.203912,18.103107,0,Gujarat
-3.0767195,17.719042,0,Maharashtra
-8.544735,-9.674518,0,AP
-0.046727955,15.610978,0,AP
8.397435,-12.976901,1,Karnataka
-17.145962,-14.825387,0,Punjab
-10.196737,-4.6939287,0,WB
-8.86704,14.639527,0,UP
18.312603,13.225018,1,MP
12.042535,-12.374864,0,UP
11.498286,-5.4714894,0,Karnataka
-15.086073,-8.734209,0,Punjab
-4.4157357,-22.604763,0,Gujarat
17.384203,5.237493,0,Karnataka
-11.040188,6.470013,0,Gujarat
-12.946753,-23.095152,0,WB
-6.214197,10.858994,0,Gujarat
5.8579054,17.728027,0,Karnataka
-14.199895,-2.2777684,0,Punjab
-0.7481675,14.640905,1,Karnataka
4.0343714,23.551508,0,AP
13.498548,9.436539,0,Maharashtra
-16.363289,-9.455037,0,UP
-9.447651,-21.794498,0,Punjab
-0.26382494,4.6271224,0,WB
-6.8291225,-4.010407,0,MP
15.690697,31.473906,1,MP
-1.9714279,8.418172,0,Maharashtra
-8.944266,-6.5053053,0,UP
6.309,17.34094,0,MP
-10.096989,-2.583381,0,UP
-2.3301299,19.453428,0,AP
-4.7763186,-14.282266,0,Gujarat
-1.1957128,15.559624,0,Maharashtra
10.982646,15.066492,0,Maharashtra
10.542041,-2.3567364,0,Karnataka
-10.608744,-6.7556744,0,Punjab
-5.8733177,-11.941807,0,UP
10.338793,7.0462875,0,AP
-3.1363125,11.657619,0,UP
-0.61442065,-20.248281,0,WB
-8.911882,9.750469,0,UP
3.9495642,-14.102543,0,Karnataka
7.403035,-17.242487,0,UP
-0.6226614,24.379635,0,Karnataka
12.331653,6.049085,0,Karnataka
-2.8851423,-1.602487,0,Maharashtra
-18.496796,-6.3525543,0,Gujarat
-4.0126896,-0.30556473,0,Maharashtra
6.972167,12.15991,0,Maharashtra
-9.5115595,-7.4992037,0,UP
-16.310198,-16.710735,0,UP
-7.463962,-21.288933,0,Punjab
-2.6790366,-9.399147,0,UP
11.897795,1.8098497,1,UP
-3.8036,18.604376,0,Maharashtra
-0.4875257,-6.6053233,0,UP
11.516481,3.7244403,0,Maharashtra
-7.070843,16.837027,0,Maharashtra
16.082724,1.4307812,0,UP
0.5076011,11.586581,0,Maharashtra
-1.7769427,13.516609,0,AP
-5.4383483,-10.11545,0,WB
5.144136,19.717749,0,Karnataka
14.737924,11.705535,1,Gujarat
13.046185,12.620576,0,AP
4.9131594,2.9697223,0,WB
13.8451185,4.3237405,0,Gujarat
16.974104,32.27205,0,Punjab
-19.973635,-3.5990987,0,MP
3.452511,-16.241226,0,Punjab
6.8387046,18.45873,0,Karnataka
-11.500471,10.742962,1,WB
-8.957092,9.657139,0,WB
-6.023891,14.118883,0,Punjab
-0.55905837,-5.2421384,0,MP
-1.9289498,17.040253,0,MP
2.310392,6.5802436,0,Maharashtra
-1.9942992,2.9575791,0,WB
-5.358257,-6.107693,0,UP
9.759109,-17.395445,0,Punjab
-0.4902807,18.651987,0,MP
-5.8453045,-12.09158,0,Maharashtra
-6.027435,-2.6595228,0,Gujarat
-7.2167034,0.3634446,0,AP
-8.049757,7.6984844,0,AP
15.182316,20.542921,1,MP
-1.7100738,-18.616684,0,UP
-19.895878,-17.326937,0,AP
2.6042564,13.567905,0,Karnataka
15.558341,30.311575,1,MP
13.1438,23.530817,1,Maharashtra
16.720427,30.446545,0,UP
8.722312,5.46693,1,Punjab
12.856981,-8.281784,0,Maharashtra
-13.7021265,-20.596365,0,WB
10.265746,-10.590336,1,UP
3.1200068,19.456902,0,MP
-6.710998,-20.366581,0,Punjab
11.300082,-9.710999,0,AP
5.5261183,16.798082,0,Karnataka
-1.2314299,11.287407,0,AP
-17.745396,-21.95365,0,Punjab
12.268744,13.105452,1,Karnataka
-2.1347187,15.717733,0,AP
-0.118586004,-3.968172,0,MP
3.3653476,-1.6769384,0,Maharashtra
-8.2634735,17.20116,0,AP
-13.510713,-11.14427,0,UP
-2.8775427,11.009555,0,WB
8.533098,10.783545,0,Punjab
-11.383546,-16.88105,0,Punjab
13.56963,4.7478724,0,Punjab
15.749996,19.485388,0,MP
-3.1321821,12.789652,1,Gujarat
3.306336,-8.0269165,0,AP
-0.70926833,1.1473348,0,UP
-0.2179293,-17.780672,0,WB
-10.37665,-12.805122,0,Gujarat
-9.694147,-13.802687,0,Karnataka
1.5628929,-13.832279,0,UP
-8.631538,-9.278969,0,MP
6.8268723,-8.558548,0,Maharashtra
7.39086,17.253717,0,MP
4.819091,-19.741192,0,WB
0.74434686,9.066918,0,AP
-7.220624,-9.978616,0,UP
8.950842,14.373365,0,Maharashtra
-9.177545,-24.118063,0,Punjab
4.1507416,16.684269,0,Maharashtra
6.159538,-4.588704,0,MP
13.836338,13.610594,0,MP
9.11089,12.283721,0,Maharashtra
16.258879,31.906277,0,Maharashtra
13.570701,-12.164854,0,UP
3.4770901,-16.002874,0,UP
16.378136,20.160433,0,MP
-20.520905,-11.037722,0,UP
-15.048318,-11.343323,0,WB
3.3151124,-6.707,0,Gujarat
-12.379679,-8.416022,0,Gujarat
-14.485803,-0.7207108,0,MP
-5.867253,-0.7364615,0,Karnataka
-13.271242,-18.09217,0,UP
13.574672,-11.585744,0,UP
-21.012264,-15.063292,0,WB
-2.530902,4.356283,1,Punjab
12.078987,16.343714,0,Karnataka
9.139181,-11.548293,0,Punjab
3.57149,-1.2103093,0,MP
11.415708,-2.516347,0,Gujarat
11.653428,-4.7850103,1,Karnataka
-6.0136547,-25.652834,0,UP
-11.940343,-21.077204,0,Punjab
-1.1524918,-1.2342633,0,MP
15.995596,30.986359,0,Maharashtra
-3.5459986,-13.714785,0,Punjab
-6.737814,-15.034398,0,Punjab
2.0718677,4.2419972,0,UP
8.185481,18.983076,0,AP
-4.455539,14.707521,0,Gujarat
5.8001065,11.461847,0,MP
-20.194122,-13.305698,0,WB
0.89502865,-7.916887,0,AP
-17.084738,-12.694078,0,Maharashtra
-2.9218302,6.487935,0,WB
3.138314,12.035821,0,UP
6.0950665,5.0893044,0,Maharashtra
-5.5934477,7.8206196,0,UP
-3.6996925,-16.261808,0,WB
-17.201069,-9.45841,0,Gujarat
16.681074,34.049305,0,UP
14.050709,-7.0424724,0,Gujarat
16.689209,16.67338,0,Karnataka
9.607846,13.42731,0,Maharashtra
10.603924,6.716596,1,AP
3.539936,14.386795,0,Karnataka
-5.7927513,-25.803564,0,Punjab
1.6904012,13.151692,1,AP
2.6086826,4.4418073,0,UP
-7.551262,3.320277,0,Gujarat
11.315688,9.049028,0,UP
8.288986,-16.196354,1,UP
-15.376783,-4.118081,0,AP
10.034567,-6.034918,1,Maharashtra
-6.5263276,-11.52287,0,WB
7.314316,8.750139,0,Maharashtra
-10.938181,-8.617922,0,Punjab
6.8256326,17.797129,0,AP
-5.1928735,-5.5070167,0,UP
3.6843526,18.14407,1,Maharashtra
-7.8419437,-14.29093,1,UP
15.016052,18.333796,0,Maharashtra
-3.2933693,17.669897,0,MP
4.055853,-2.792801,0,Maharashtra
4.735509,18.255262,0,MP
-3.830559,-3.568217,0,Karnataka
-5.5169554,-1.5894065,0,Karnataka
5.992877,-19.206144,0,WB
-0.026882216,18.924911,0,MP
5.1726255,13.038908,0,Maharashtra
-3.9662871,-23.59469,0,Karnataka
13.0930605,-10.988206,0,MP
-4.12884,5.527388,0,Gujarat
1.9770472,-18.038103,0,WB
-3.4419532,-14.722949,0,WB
-12.242454,-21.41571,0,Punjab
-3.9674923,-20.336992,0,UP
11.106235,19.331957,0,Maharashtra
-7.783985,11.724889,0,Maharashtra
18.42231,12.296818,0,Maharashtra
-16.924007,-18.220488,0,UP
6.336673,16.836512,0,MP
0.56810075,-19.496946,0,WB
-9.084999,-9.938016,0,UP
9.92678,-5.379034,0,Karnataka
-9.114842,12.760503,0,UP
2.0710092,18.52672,0,Karnataka
16.090837,15.480245,1,AP
3.9815466,6.602965,0,AP
1.2384679,21.466824,0,AP
3.1050928,10.324434,0,UP
7.6072884,-7.457106,0,Maharashtra
16.688833,31.161566,0,Gujarat
-15.539899,-16.146696,0,WB
2.0391192,-18.62083,0,Punjab
-1.7764862,-20.612244,0,AP
6.112647,-12.201857,0,AP
7.609537,-0.14973249,0,UP
-15.984705,-4.5270886,0,WB
-4.7160783,-21.71257,0,Punjab
-11.494222,-9.9524555,0,Karnataka
-5.8304515,-12.182005,0,Punjab
4.662834,-21.206526,0,WB
-18.831558,-1.5685482,1,Gujarat
-20.127539,-7.5209355,0,Punjab
-12.1639,-16.030844,0,UP
-14.923101,-15.736875,0,WB
7.519773,19.102493,1,MP
-0.59385467,16.496462,1,AP
-7.314212,-23.335611,0,Punjab
12.408978,14.500251,1,Karnataka
1.8440496,-0.041932095,0,Karnataka
17.45312,32.865723,0,MP
-0.7503669,24.352373,1,Karnataka
11.461918,15.39515,0,Maharashtra
-18.32484,-5.069732,0,Gujarat
12.741904,11.9122095,1,AP
2.835306,-5.855709,0,Karnataka
11.954619,-3.3851545,0,Karnataka
15.440835,31.249762,0,AP
15.783136,19.465166,1,MP
-14.786725,-4.00996,0,UP
1.8590142,15.90093,0,MP
-20.911503,-15.045489,0,WB
-18.168375,-4.9557066,0,AP
-8.320951,-19.290997,0,WB
3.3038383,6.179852,0,UP
7.002811,-6.5663795,0,Punjab
9.163045,-10.118548,0,Punjab
13.345726,-10.981499,0,Maharashtra
12.459497,-15.406859,0,Punjab
-12.845814,-24.023186,1,Gujarat
-10.593034,-20.047556,0,Punjab
-7.4880457,11.359614,0,MP
-4.027166,2.4144075,0,Maharashtra
-7.91994,-21.799028,0,UP
-4.525309,5.8393087,0,Gujarat
9.414527,11.319297,1,Maharashtra
-9.802716,-3.203472,0,UP
-7.7701416,-13.3172,0,Punjab
9.130702,-8.48461,0,Gujarat
7.324056,-10.725671,0,UP
8.180512,-3.8852882,0,Gujarat
4.107726,-7.301683,0,Maharashtra
3.615852,12.707668,0,MP
11.49309,-14.53443,0,AP
-10.243706,2.1511784,0,Maharashtra
12.752064,-7.22359,0,Maharashtra
12.414243,-15.755579,0,Punjab
18.09322,32.03955,0,AP
13.652264,-1.8937916,1,Gujarat
17.478586,31.346802,0,Karnataka
-9.965145,-21.312225,0,Punjab
-12.453899,8.207799,0,MP
-4.458735,-9.42396,0,WB
-3.3737855,15.583625,0,AP
7.865649,1.9912813,0,Gujarat
-6.5127044,5.417017,0,UP
-15.044233,-14.180155,1,WB
-5.1658883,11.311798,0,AP
2.1308804,6.772217,0,UP
-3.432829,-18.174185,0,WB
9.533927,16.993462,1,Maharashtra
-8.966051,-18.17928,0,UP
-6.8174233,7.4784513,0,UP
19.581629,7.895872,0,MP
-8.846697,-23.298496,0,Punjab
9.501117,-10.937766,0,UP
19.616308,13.888117,0,AP
-4.2221937,19.091463,0,AP
1.0176489,-9.60171,0,UP
1.1643013,-13.745103,0,WB
15.970289,30.119526,0,Karnataka
-8.930279,-6.492589,0,UP
12.856212,15.907276,0,AP
-15.366464,-22.856632,0,WB
1.6434355,25.50284,0,UP
4.04886,1.4373316,0,Maharashtra
-3.9352133,-24.902016,0,Punjab
-8.122155,-16.413277,0,UP
-5.102437,-1.2509457,0,MP
13.898809,-16.716661,1,AP
-7.6887813,12.246089,0,UP
7.298096,-5.268638,1,Punjab
-15.188124,-20.57152,0,Punjab
12.679254,-9.924775,0,UP
0.6457965,16.679949,1,Karnataka
-2.1019418,-2.4002516,0,AP
10.3335705,-10.546672,0,AP
-5.7283196,9.199273,0,AP
14.215872,16.631832,0,MP
-17.887814,-14.40447,0,Punjab
-17.001797,-16.961092,0,WB
17.457191,33.26918,0,Punjab
8.404014,15.590992,0,Karnataka
12.851442,2.648715,0,Punjab
3.9622252,10.190537,0,Karnataka
-18.567108,-21.024921,0,Punjab
-10.871031,-11.446681,0,Punjab
4.231124,-12.08482,0,UP
5.7627697,10.337418,0,AP
14.121228,-3.458346,1,Maharashtra
-14.639446,-12.911515,0,WB
7.3687277,-18.12524,0,Gujarat
1.7196985,18.567333,1,Maharashtra
0.8298086,8.59635,0,Maharashtra
0.8370047,-22.304684,0,AP
-2.257575,-14.3550625,0,UP
12.408506,-15.98902,0,Punjab
-11.070627,-18.44421,0,Gujarat
-0.80059594,-20.712406,0,WB
10.517627,13.777062,0,MP
-8.951761,-5.414448,0,UP
8.746184,2.868875,0,Punjab
-11.03962,14.380501,0,Gujarat
6.7802734,21.569242,0,Karnataka
-3.9158819,-12.157415,0,AP
0.16594484,-5.662462,0,AP
3.8436408,16.47238,0,MP
-16.47311,-7.307455,0,Gujarat
-2.2649424,-1.8648936,0,Karnataka
12.904153,20.26047,0,MP
9.326725,-12.137104,0,UP
-3.5087745,-13.40831,0,Punjab
0.73839456,14.624467,1,MP
12.126812,-17.23101,0,Punjab
-0.38330758,-1.0448241,0,Gujarat
-1.2568737,-10.570018,0,UP
-14.67334,-5.8829794,0,Punjab
-14.404302,-13.001883,0,UP
-18.44712,-6.4285517,0,Punjab
1.3791965,-7.809681,0,Maharashtra
-10.323028,-6.875104,0,UP
18.118097,33.779457,0,Punjab
9.721562,8.721663,0,UP
10.884822,16.589075,0,Maharashtra
-3.1237748,-13.194137,0,Punjab
4.346295,11.23005,1,Karnataka
5.017277,-4.9834046,0,Punjab
-10.04413,-22.072876,0,Punjab
-1.073819,-17.104984,0,WB
-3.107842,12.9275055,1,UP
17.745726,8.845297,0,Gujarat
-13.946459,-5.456071,0,UP
5.6000586,-17.477324,0,WB
-8.430981,11.153483,0,WB
6.7825327,-3.238755,0,Maharashtra
1.9983289,-6.4425774,0,Maharashtra
0.15707222,6.25527,0,UP
3.1084318,24.109896,0,MP
-0.19075435,-1.8623986,0,Gujarat
6.3214893,20.979359,0,Maharashtra
-6.0039897,9.587082,1,AP
3.189411,13.840143,1,AP
1.388377,23.482605,0,Karnataka
5.1341877,-0.40958032,1,Karnataka
7.0870557,-14.7441025,0,AP
4.431298,4.863243,1,Karnataka
6.207741,13.812318,1,Maharashtra
-10.406714,-15.120956,0,UP
1.2083107,-3.2596807,1,Gujarat
-4.4946465,-22.616318,0,WB
4.163363,10.658454,0,AP
-12.379544,8.052207,0,Gujarat
16.095493,19.926805,0,AP
-10.855167,-18.12256,0,WB
9.756223,-4.4956236,0,MP
18.76873,11.8761425,0,MP
6.6257286,-6.123527,0,AP
-17.267519,-18.161032,0,WB
15.602765,-9.006518,0,Punjab
6.4450226,-14.678112,0,Gujarat
9.532979,-8.428862,0,Maharashtra
-9.484653,-7.489886,1,Karnataka
6.017865,15.288334,0,Karnataka
3.9856079,24.825558,0,Karnataka
6.3655686,25.121002,0,Karnataka
-5.9887834,8.074481,0,Punjab
2.446017,3.4714139,0,WB
13.475085,12.692666,0,Karnataka
4.1781254,-5.0557947,0,MP
2.6550286,-8.000079,1,AP
2.3981855,25.533558,0,Maharashtra
-17.478998,-11.3331585,0,AP
14.835928,10.766999,0,Maharashtra
-2.7433367,-0.56781465,0,AP
15.870087,29.832563,1,MP
-15.972364,-12.897434,0,WB
3.4926178,14.60861,0,AP
2.1606953,-18.483385,0,Maharashtra
1.4145919,-8.756233,0,AP
-15.187389,5.4509645,0,WB
6.7081165,15.399231,0,Karnataka
4.2224617,12.196452,0,Maharashtra
7.3389535,-5.514885,0,Punjab
-0.8922304,-15.115561,1,Punjab
2.98329,-10.41232,1,UP
-17.169237,-0.71853477,0,AP
11.043236,12.762955,0,Maharashtra
-11.78608,-0.1317599,0,Punjab
1.8371392,-11.6696415,0,Gujarat
-13.438205,-25.14027,0,Punjab
2.3299718,20.018814,0,Karnataka
-18.083122,-19.874788,0,AP
15.913251,15.845527,0,AP
-4.9712934,-17.781002,0,Maharashtra
7.0972996,-2.4036503,0,MP
17.649427,32.031086,0,Punjab
-9.3411665,-25.655058,0,Gujarat
14.922962,31.135807,0,Karnataka
-3.695733,-2.8159466,0,MP
-1.6831329,-11.637989,0,UP
0.33668774,12.258472,0,UP
13.149429,-14.907898,0,UP
9.736331,20.192741,0,Maharashtra
-12.545177,-8.534823,0,Gujarat
-11.551633,-10.287166,0,UP
-19.673004,-5.581308,0,MP
11.63816,-2.5368435,0,UP
-9.007812,-0.69522965,0,Karnataka
-11.059577,-22.541403,0,Punjab
9.114224,16.174273,0,Maharashtra
16.787006,-3.0162556,1,Gujarat
-9.323029,17.458008,0,AP
7.759855,22.077356,0,Karnataka
6.5875154,9.859916,0,MP
8.509836,2.639917,0,UP
-9.475083,1.6589574,0,MP
-14.190109,-16.349781,0,UP
7.184531,15.814305,0,MP
10.228349,14.220035,0,AP
14.804896,16.770065,0,Karnataka
0.2772386,-3.4618418,0,MP
2.6398604,22.023115,0,MP
15.529352,14.108888,0,AP
-6.574646,-5.7894,1,AP
-13.120632,0.82328767,0,Maharashtra
0.82288593,-22.633543,0,WB
11.293508,-3.9221466,0,Gujarat
-8.57984,14.529207,0,Karnataka
8.303315,22.393469,0,Karnataka
-2.6590726,-9.780451,0,Punjab
1.2669122,-8.988065,0,AP
-0.39973938,3.2090604,0,UP
1.1663476,8.153494,1,AP
8.21438,16.49951,1,MP
-17.145008,-1.4924834,0,AP
-2.4091344,-11.812627,0,WB
2.0089636,-6.4289246,0,AP
8.484722,-14.646331,0,Punjab
9.341971,-3.0954654,0,Gujarat
-1.049818,11.895522,0,AP
-0.2353544,-17.752834,0,UP
2.8262916,25.318508,0,Karnataka
1.4414395,-2.041469,1,Karnataka
-16.477861,-19.811413,0,Gujarat
-13.27183,-15.992943,0,AP
5.380162,-2.6364238,0,Maharashtra
3.1928196,19.379137,0,MP
13.170117,9.163495,0,MP
5.4848714,17.44488,0,Karnataka
-8.8521805,-25.105764,0,Punjab
16.47026,17.226488,1,Maharashtra
-2.6762142,-5.861226,0,UP
6.4552093,6.8565917,0,Maharashtra
-8.222151,-9.192097,0,AP
-1.8937004,-9.067905,0,Karnataka
16.16169,30.093782,1,AP
-18.211262,-15.442825,0,UP
-2.6837406,-4.714179,1,AP
-15.363059,-21.161913,0,Punjab
-5.0603795,-8.99839,0,Maharashtra
5.0133095,20.674124,1,MP
6.294354,22.06638,0,MP
-1.2985407,15.462985,1,AP
6.78654,20.663532,1,MP
12.22816,-0.956565,0,Karnataka
-9.658182,-20.835274,0,Punjab
3.1030889,25.244417,0,Karnataka
1.6949971,-1.9706552,0,AP
2.8084831,-14.374325,0,Gujarat
8.3965,23.702206,1,AP
10.591844,-1.9281745,0,Karnataka
-4.4694853,-9.891989,0,UP
-13.005894,2.3511035,0,AP
-16.511806,-7.426242,0,Punjab
-9.966479,-24.979357,1,Gujarat
-7.9988723,6.7797256,0,UP
2.6153092,-9.662422,0,Karnataka
8.197353,13.236479,0,Maharashtra
-8.2003355,-19.304373,0,Karnataka
-8.320861,-21.60893,0,UP
-0.41618183,3.1988075,0,UP
8.5483265,-14.705487,0,UP
10.089342,-10.600724,0,Gujarat
4.333416,-11.806494,0,Punjab
6.5542145,-17.61647,1,WB
5.639131,-8.602438,0,Karnataka
9.6128645,8.20783,0,Maharashtra
-3.0088792,-14.584114,0,WB
16.723867,31.592602,0,UP
18.262394,32.46696,0,UP
12.522079,-7.2379866,0,Gujarat
-4.139928,0.035312485,0,Karnataka
-17.14827,-14.723166,0,Gujarat
2.8270621,23.938957,0,MP
-1.4842346,-3.1196368,0,AP
-3.6321073,-22.661135,0,AP
-8.139151,-4.6667953,0,Maharashtra
-3.335932,11.628824,0,AP
8.102885,25.478758,1,MP
4.66049,9.0241375,0,Gujarat
2.0792093,-22.715479,0,UP
-3.21605,-1.2847446,0,Maharashtra
7.4564424,-12.575994,1,Maharashtra
2.7537243,-20.000673,1,WB
16.022161,32.436207,1,Maharashtra
11.336013,-7.924544,0,Karnataka
14.400128,10.877531,0,Maharashtra
-8.549912,-4.46606,0,Maharashtra
8.309605,19.395567,0,Karnataka
-15.438123,2.2639644,0,Punjab
18.582312,32.67191,1,UP
-0.7496233,24.017765,0,AP
4.661454,-9.412056,0,Gujarat
0.47894242,-9.951812,0,Gujarat
-3.5968547,16.085545,0,Karnataka
-2.7722692,-7.8196507,0,Maharashtra
-17.639753,-13.156102,0,AP
-4.766588,-7.4901013,0,WB
2.1747093,18.82774,0,MP
-4.8961153,-2.698557,0,WB
15.767072,11.936352,0,Karnataka
-3.3453858,-7.07672,0,UP
-7.5025573,-1.6622311,0,Karnataka
1.8474671,0.049944934,1,AP
-12.568252,-5.837424,0,MP
-7.03519,17.892467,0,Maharashtra
-2.0239742,11.344907,0,UP
-8.815684,2.3569167,0,Maharashtra
-10.315054,-23.635612,0,Punjab
13.236383,7.336875,0,AP
-14.070892,-23.553541,0,WB
-14.32852,-23.852362,0,Punjab
-3.316752,-9.509566,0,WB
8.621734,7.776754,0,AP
6.1806655,-19.600672,0,Punjab
5.421848,-14.595549,1,AP
-15.096315,-22.222702,0,Punjab
-6.7462964,-2.8635764,0,MP
-14.853368,-21.555214,0,Punjab
2.6344113,17.24727,0,MP
12.680245,10.455714,0,AP
-18.699286,-1.5628692,0,Maharashtra
-13.198656,-21.548655,0,Punjab
-12.284005,-15.44097,0,WB
-14.696599,-3.824746,0,Punjab
0.7004609,-9.818177,0,UP
-3.0803196,16.57765,0,UP
6.267237,-11.516915,0,Karnataka
9.570441,8.319569,0,Maharashtra
-8.306069,-1.1969883,0,Maharashtra
-12.56302,-21.515875,0,WB
3.9691658,16.287027,0,Gujarat
-19.152292,-14.995941,0,Punjab
-12.446577,-23.197552,1,Punjab
-8.242887,-7.587944,0,WB
-1.4041333,-12.539266,0,WB
-0.5941009,-7.916975,0,UP
-6.151054,-4.0146055,0,UP
-8.783179,-14.802643,0,AP
4.599554,23.814974,0,Karnataka
4.9488845,15.202475,0,AP
-6.9938006,17.352474,0,Karnataka
8.630639,-6.4915957,0,Punjab
-19.214796,-4.2078395,0,UP
-19.85583,-4.010589,0,Maharashtra
-3.6036487,1.3931714,0,Karnataka
12.077277,-17.441982,0,Punjab
16.477512,32.511604,0,MP
-15.564342,-5.093845,0,UP
-1.5186386,10.270614,0,AP
7.602669,-12.895099,0,Punjab
15.580851,12.143055,0,Karnataka
3.163833,12.247418,0,Maharashtra
12.0554085,13.100654,0,Karnataka
11.635043,10.665788,0,Maharashtra
-6.5632434,-2.7852564,0,Karnataka
5.7768974,13.998515,0,Maharashtra
17.367064,12.910066,1,Maharashtra
14.840421,13.128501,1,Gujarat
-7.487502,0.44265425,0,AP
-11.73546,-21.048735,0,Punjab
-7.2607517,1.1005613,0,MP
-8.699304,10.254223,0,Gujarat
15.53044,33.45811,0,AP
-17.650358,-6.5605884,0,MP
-10.047888,-15.297706,0,WB
-7.587947,-17.759195,0,UP
-7.457745,8.977313,0,Maharashtra
-1.034555,-5.450701,0,AP
-11.039044,-6.354685,0,WB
-9.705144,-20.35104,0,AP
-2.1117065,12.899539,0,Gujarat
-10.382102,4.983356,0,AP
1.6056304,-11.907679,0,Karnataka
-7.1861596,-7.029621,0,WB
2.821391,8.795151,1,Maharashtra
-8.814452,14.681418,0,AP
-4.031405,-15.80902,0,WB
-16.179098,-15.860517,0,WB
1.510408,-9.146083,0,AP
-8.528223,-9.546349,0,UP
-4.082653,9.866413,0,UP
16.177504,15.034104,0,AP
-2.3285935,13.1154375,0,Maharashtra
-0.031683944,-15.288069,1,WB
-7.872017,7.3596506,0,AP
-0.35726136,9.088816,0,Maharashtra
6.370527,4.868997,0,Karnataka
0.9728279,-22.349377,0,WB
-0.32134253,-19.984976,0,WB
-6.1656055,-25.4648,0,Punjab
4.8861575,-17.101532,0,UP
-14.914559,-21.321672,0,UP
13.800871,14.850437,0,Karnataka
-19.163136,-21.171207,0,Punjab
-0.39400098,-3.153392,0,Gujarat
-4.076302,-8.3307085,0,WB
4.606228,19.335197,0,MP
-9.259194,1.8305694,0,Karnataka
-1.3993379,-3.2688868,0,MP
3.5491526,4.492923,0,WB
15.341994,-9.570608,0,AP
1.5466061,-12.324149,0,Karnataka
13.938758,-16.71986,0,Punjab
14.116414,13.831506,0,Karnataka
-1.5646466,18.202793,0,AP
-4.6049595,-1.0064603,0,MP
11.159386,-3.9080598,1,Karnataka
-1.6303271,22.593409,0,MP
15.517615,11.955386,0,Gujarat
1.0160328,3.1434102,0,WB
15.826796,33.262184,0,AP
-2.9790413,-21.670124,0,Punjab
-14.823645,-17.041508,0,Punjab
-20.459639,-4.26776,0,MP
12.318575,5.8920736,1,MP
-11.097559,-11.880639,0,AP
-14.904854,-12.805793,0,Punjab
-5.9586425,14.187497,0,MP
10.013751,-5.582933,0,AP
4.9253197,26.336214,0,MP
-0.08335171,-0.58294207,1,Karnataka
-5.180436,18.891308,1,Maharashtra
-1.2698352,-13.769847,0,WB
-0.033198405,-10.899604,0,Maharashtra
1.7733309,16.077433,0,Karnataka
8.860152,-6.2237377,1,Gujarat
4.7121124,23.629585,0,MP
7.8184204,20.500435,0,MP
-12.485376,-4.725387,0,Maharashtra
-5.177594,-14.370313,0,WB
10.174689,21.093857,1,Karnataka
-9.217068,-0.49848083,0,UP
-10.958751,5.662738,0,Gujarat
-10.721227,-6.7338777,0,Punjab
9.29715,-2.2055337,0,Gujarat
4.619571,-7.404965,0,AP
3.4041955,8.153321,1,Maharashtra
15.369246,30.641722,0,Maharashtra
-18.01285,0.52418995,1,Maharashtra
1.453097,8.789153,0,AP
-3.4107537,-20.997175,0,Gujarat
0.020224372,17.381,0,Gujarat
-8.101255,8.146845,0,AP
-4.560121,7.102446,1,WB
9.058043,22.221481,0,MP
-1.8344647,5.3815536,0,Gujarat
1.3817791,-11.924938,0,Karnataka
3.7449574,6.904633,0,WB
-13.680733,-10.213215,0,Punjab
13.599649,-11.456452,0,Karnataka
15.538464,1.8230021,1,Gujarat
-5.692879,4.072942,0,Maharashtra
0.19580352,21.266209,0,MP
-4.022158,17.628178,0,MP
1.7002687,-17.073921,0,Maharashtra
-7.631838,20.285227,0,UP
-11.167834,0.18716817,0,Gujarat
6.297159,17.02021,0,MP
-4.8218703,-14.429564,0,UP
-13.369654,-17.273075,0,WB
7.714779,-0.25316513,0,AP
-11.602716,-10.310391,0,Gujarat
13.790821,18.297972,0,AP
-2.7855077,8.689933,0,Gujarat
1.6019433,19.829023,0,Gujarat
6.1000185,23.981594,0,MP
7.4552584,21.231625,0,MP
-7.2880344,3.1312492,0,Gujarat
15.435556,7.1078525,0,Gujarat
-8.318467,-24.620981,0,Punjab
3.2285917,-8.498389,0,MP
13.027145,15.993333,1,Karnataka
4.0728064,-7.6878614,0,UP
12.053916,16.994009,0,UP
-2.2158077,-15.305052,0,Punjab
-15.136103,-11.029941,0,WB
-12.89395,5.9516826,0,Maharashtra
-6.180152,-8.031337,1,WB
-10.324304,-14.468994,0,WB
-2.5324724,21.49013,0,Maharashtra
-7.1236787,-14.740824,0,WB
-20.098392,-17.587889,0,Punjab
8.723017,3.4993806,0,Gujarat
-8.4055195,-11.714237,0,WB
0.45033625,11.508273,0,AP
-16.280651,-18.18733,1,Punjab
-12.10717,-23.009928,0,Punjab
2.2684493,-11.33371,0,Gujarat
-10.464285,-16.965485,0,WB
0.4704774,17.905293,0,Gujarat
-9.104577,-0.46309486,0,Punjab
9.706562,20.50164,0,Karnataka
15.647958,-14.744438,0,WB
5.0127177,-0.47182897,0,Punjab
-12.578488,11.93728,0,Karnataka
2.5045924,11.634566,0,UP
7.4778924,14.043136,1,MP
3.6085043,12.857058,1,MP
8.40142,-9.951242,0,UP
-6.134492,-16.395857,0,WB
-10.848421,-7.2378483,1,AP
-13.667742,-14.888249,0,WB
-7.191335,-13.827265,0,Punjab
11.858992,-9.545167,0,MP
-12.45641,-19.872017,0,UP
-11.748339,-25.880312,0,Punjab
18.429087,33.727943,0,AP
-5.696563,-4.5850277,0,WB
-3.7420273,-1.1611017,0,Gujarat
-15.213596,-8.444527,0,Punjab
-2.0900383,5.57138,0,WB
-13.023586,-25.598696,1,Punjab
-17.7193,-17.107538,0,UP
6.2715898,-16.885445,0,UP
15.445846,32.707027,0,Maharashtra
4.6855845,-8.175152,0,AP
16.805202,-7.1502995,1,Punjab
0.03667845,13.784774,0,MP
-5.134276,-15.682648,1,UP
-2.5505686,-23.735039,0,Punjab
-5.763349,-18.413979,0,Punjab
-1.5655965,6.805447,0,UP
-11.706988,11.270105,0,Gujarat
15.227218,2.4302337,0,MP
-9.595112,-26.365744,0,Punjab
-3.6012673,1.2906588,0,AP
-17.274826,-21.15553,0,Punjab
-2.2091336,22.175243,0,AP
-6.0119786,1.7989371,0,AP
9.51096,-18.519878,0,Punjab
-7.0271053,5.838657,0,WB
10.151785,13.911391,1,Karnataka
-10.551172,-1.4702632,0,Maharashtra
-7.9818244,-20.360098,0,Punjab
18.961983,15.43809,0,MP
-3.5448658,-23.841385,0,Punjab
6.5591435,23.478283,0,Karnataka
-16.652544,-14.479681,0,WB
1.1559604,-8.859008,0,UP
5.184646,20.879732,1,Karnataka
2.6475596,14.131759,0,Karnataka
11.951106,-12.583263,1,UP
-3.9510732,-6.083708,0,UP
-5.540521,1.649168,1,MP
15.430117,7.116301,1,Maharashtra
16.127375,-6.730154,1,AP
9.7958975,-14.278743,0,Maharashtra
17.287264,32.102276,1,Maharashtra
1.7816123,13.257055,0,Karnataka
-3.0527613,-20.84978,0,Maharashtra
11.254318,-6.14815,0,Gujarat
-2.3530443,21.216257,0,MP
4.5402527,-5.950949,0,Gujarat
-6.0390315,-7.8636665,0,WB
-13.25523,-5.6882615,0,UP
-1.4954956,10.093441,0,AP
4.136981,17.578274,0,MP
-3.4013674,-21.219723,0,Punjab
1.7726369,-1.9137206,0,MP
12.31332,-7.091537,0,Karnataka
6.9972353,-3.594975,0,Punjab
-4.1890507,-3.8884437,1,UP
15.4393425,30.346169,0,MP
-17.03088,-16.707256,0,WB
9.8985,12.41973,1,Karnataka
0.11969213,4.6701126,0,UP
-0.3050558,-6.8119545,0,Punjab
7.1844206,23.195986,0,Maharashtra
6.205861,14.234799,0,Gujarat
3.2778265,-6.653994,0,MP
-3.842843,-13.31659,0,UP
3.7795672,13.035517,0,Maharashtra
-14.841137,-15.5317135,0,WB
14.250746,15.381272,0,Gujarat
-0.18280292,-10.895947,0,AP
-0.8128378,19.072802,0,MP
-12.870198,6.006241,0,AP
4.951589,-10.92806,0,Punjab
0.36576805,4.388011,0,Punjab
18.230627,17.84757,0,Karnataka
7.250776,-10.551369,0,Gujarat
-16.374105,-14.44752,0,WB
15.093475,9.891885,1,Gujarat
8.616654,16.592476,0,Karnataka
2.1932461,22.594551,0,Maharashtra
9.486669,11.8209095,0,AP
7.2751584,-6.738375,0,Gujarat
16.231346,31.214542,0,AP
-3.666024,-10.917725,0,WB
9.663199,9.952047,1,Karnataka
-3.9960632,19.194214,0,AP
12.152714,16.810091,0,Maharashtra
0.09199432,-8.022483,0,AP
12.311586,10.650363,0,Karnataka
-1.0170832,-17.412176,0,Punjab
-17.996132,0.5868775,0,AP
-2.932161,-4.8366847,0,AP
10.547598,-2.9228053,0,Karnataka
-14.84859,-18.978165,1,Punjab
-17.759571,-9.174618,0,Punjab
9.300738,12.653875,0,AP
8.402955,22.43161,1,AP
-1.2504188,-23.662838,0,UP
-14.277748,-12.978719,0,UP
13.177738,-6.063895,0,Karnataka
10.544116,-2.8732405,0,Karnataka
7.8052235,18.843273,1,MP
9.46429,2.8180015,0,Maharashtra
-19.707096,-13.536681,0,UP
1.8160164,3.972102,0,UP
-1.2586919,8.300414,0,Maharashtra
17.440447,33.406395,1,Gujarat
-0.6284635,-15.332374,0,Punjab
-15.666107,2.6381464,0,MP
-9.913786,4.759345,0,UP
-18.6469,-12.661031,0,WB
-10.522178,-20.5138,0,WB
-7.680306,-4.7232037,0,UP
-7.7405605,-5.800565,0,AP
-18.243975,-19.899656,0,UP
5.8265514,-15.349727,0,Gujarat
-11.81002,9.615923,0,AP
-7.2194233,1.487923,0,Maharashtra
15.745696,33.38974,0,WB
16.560087,17.471802,0,Karnataka
1.7101215,-15.918051,0,WB
16.902256,32.307106,0,Maharashtra
2.51949,13.90364,0,Karnataka
-9.964735,-12.288213,0,WB
3.9038363,15.6755905,1,Karnataka
0.086339176,-14.480983,0,Karnataka
-0.30914125,-8.062111,0,AP
8.68344,18.2497,0,Karnataka
-5.693843,-23.395155,0,Punjab
-2.7214336,-8.189888,0,UP
5.2409997,14.816829,0,Maharashtra
-18.079138,-14.141605,1,UP
-15.779096,12.289025,0,Karnataka
0.99352306,25.49486,1,UP
3.4394424,7.7680726,0,Gujarat
-10.236127,-22.136663,0,WB
-4.8762016,12.868193,0,Karnataka
-5.4692645,-16.07393,0,AP
11.11469,22.623535,0,Maharashtra
0.8530977,20.207102,0,Maharashtra
9.759913,15.694119,1,Maharashtra
6.504766,3.7054727,0,Maharashtra
-8.198842,-0.64681923,0,Karnataka
-7.5915627,14.410818,0,AP
-16.267256,7.7192183,0,Maharashtra
17.604706,8.980312,1,MP
-0.93529046,-3.1464927,0,AP
14.713784,11.302904,0,Karnataka
0.8742853,-5.589593,0,Punjab
-13.568102,-11.384675,0,Gujarat
-14.6236515,-5.8272147,0,Punjab
17.263083,33.44817,1,MP
2.001544,6.761973,0,UP
17.72822,19.249636,0,Karnataka
-11.646415,10.943696,0,Maharashtra
-10.305188,11.260164,1,Punjab
-2.6023092,-18.120218,0,WB
-5.8027925,-18.76416,0,Punjab
-0.4639392,4.345773,0,UP
-15.237868,-6.5626745,0,Maharashtra
6.565489,8.502657,0,Maharashtra
7.6022983,-16.965471,0,Gujarat
-15.384988,-13.974658,0,WB
13.102558,-4.4113984,0,AP
15.137389,-10.406857,1,UP
2.5546107,22.135878,1,Maharashtra
-14.406078,4.1177287,0,Maharashtra
16.434034,-6.9525905,0,Karnataka
0.8782234,-4.5077634,0,Gujarat
-3.5799673,4.0109215,0,AP
9.41481,24.248047,1,Maharashtra
-2.6211934,-8.366667,0,Gujarat
-12.597178,11.962078,0,AP
-13.16575,-2.4001489,0,WB
3.2890103,-1.9859339,0,Punjab
-15.814238,12.280872,0,MP
7.24501,-9.329171,0,Karnataka
-4.7932014,16.683714,1,UP
1.0330453,19.97251,0,MP
-5.072106,-7.2896605,0,WB
-8.531939,-11.245012,0,WB
-13.9145975,-18.818905,0,Punjab
-16.322002,-2.3468661,0,Maharashtra
3.1596014,-6.422805,0,AP
12.762387,-7.2846074,0,AP
9.166207,11.219486,0,Gujarat
-3.962204,21.531282,0,AP
1.4556073,-14.778462,0,UP
18.104261,17.172075,0,AP
2.4300773,-22.743097,0,Punjab
2.8582149,-14.175907,0,Gujarat
-8.247238,-10.760734,0,WB
9.925975,8.639648,0,WB
6.289795,-18.979061,1,Punjab
-12.129431,-7.46721,0,Punjab
9.560861,-18.787855,0,UP
-1.4985206,1.1151593,1,Gujarat
-2.1599357,4.909747,1,UP
17.484648,19.963924,0,MP
-12.055872,-19.726913,0,Punjab
17.978724,5.233213,0,MP
3.5287218,-9.205045,0,AP
11.899453,20.682482,0,Maharashtra
-16.283102,-20.411612,0,Punjab
-7.0166855,16.36982,0,MP
13.574673,7.801281,0,Karnataka
11.031759,19.389534,0,MP
9.364658,20.560686,0,Karnataka
1.867816,-0.45239112,1,Maharashtra
-7.6763687,20.280867,0,UP
-3.968121,4.5496387,0,Gujarat
0.67315435,7.315415,0,Gujarat
4.64142,-5.969442,0,Gujarat
-2.7461767,-16.666723,0,Punjab
17.370636,4.5020385,0,Gujarat
0.3918754,6.0918884,0,UP
-2.2276354,11.470216,0,Maharashtra
-4.4142323,-22.924887,0,WB
-12.502105,-4.7324624,0,Gujarat
-10.770178,-15.838784,0,WB
-13.201167,-6.2402577,0,Gujarat
5.3359694,4.258357,0,Maharashtra
3.779517,23.532295,0,Karnataka
8.925123,18.107706,1,Karnataka
-13.861077,-7.89681,0,Gujarat
-0.15143998,12.592084,0,WB
-16.602434,-2.2250445,0,AP
5.8281136,11.384589,1,Maharashtra
1.7291927,17.435724,0,Maharashtra
16.94866,3.8298836,0,MP
-10.052627,-5.2586913,0,Gujarat
6.008987,26.393421,0,Karnataka
6.7690334,3.8036208,0,Gujarat
15.306108,16.449825,0,Karnataka
-5.580373,8.304066,0,Gujarat
3.5757844,-8.170598,0,Karnataka
-8.346396,0.7607784,0,Maharashtra
13.87862,-9.809004,0,WB
0.37381306,20.558767,0,MP
17.28728,19.547077,1,Maharashtra
4.9929423,19.782927,0,AP
0.4923579,7.149217,0,AP
-2.146596,7.8086133,0,Karnataka
-3.843038,9.906547,0,UP
10.424494,4.426178,0,Punjab
1.9514232,15.867043,0,WB
2.2548993,-5.0541587,0,AP
2.5557253,0.6589787,0,AP
11.452746,-8.137365,0,Gujarat
3.6361463,9.807634,0,Karnataka
4.0791984,18.574677,0,MP
-12.029895,-3.2262719,0,WB
-10.992054,-5.8514,0,AP
3.323868,-14.2043085,0,AP
-16.389696,-13.832319,0,WB
-7.738589,-2.5291164,0,Punjab
18.094006,34.184395,0,Punjab
9.325388,-3.570785,0,MP
-9.330931,-12.274746,0,UP
-3.5207274,-10.981432,0,UP
6.2383537,-11.887794,0,Maharashtra
-8.676712,8.675004,0,Maharashtra
-10.8387985,0.4037905,0,MP
6.7341166,13.59039,0,WB
-7.318587,-8.846967,0,WB
8.497295,-3.0444536,0,AP
-7.1099644,2.6836758,0,MP
18.317183,12.563484,0,Gujarat
-9.281107,-21.588568,0,Punjab
3.5745351,10.673117,0,Gujarat
4.713535,-17.172644,0,WB
16.030903,33.916138,0,Punjab
10.232711,11.486894,0,Maharashtra
11.71091,22.613138,0,Maharashtra
-5.0919113,-12.891354,0,Punjab
-1.4153717,-6.3692894,0,WB
-15.494156,-16.907673,0,UP
-0.33255208,13.059466,0,Maharashtra
-2.402644,-2.7351394,0,UP
-14.721935,-15.228818,0,UP
8.980007,17.251678,0,Gujarat
10.973732,-17.477848,0,Punjab
-5.532235,-4.5054774,0,Gujarat
13.1079235,-11.050631,0,Gujarat
4.1690836,11.543765,0,AP
-11.78611,-25.781435,0,Punjab
-11.2637,-24.029806,1,UP
-3.5246906,-5.0768847,0,WB
-9.571975,-2.9711666,1,UP
7.129008,25.302147,0,MP
7.8829474,22.221228,0,Maharashtra
9.911107,-5.2498527,0,MP
2.73657,-13.725944,0,Maharashtra
9.078426,-14.759832,0,Punjab
-7.1175,-24.912888,0,Punjab
-11.735823,14.136201,0,MP
2.9932032,17.18622,1,MP
-8.941185,-25.264263,0,Punjab
13.598702,14.742927,0,Maharashtra
-15.987397,-17.759985,0,UP
-13.37967,-17.21485,0,UP
-12.359517,-13.309264,0,UP
10.554458,0.0067309933,1,Maharashtra
-3.371984,21.5912,0,Gujarat
14.244093,21.232918,0,MP
-19.926775,-11.989926,0,WB
-0.3568716,-1.7266663,0,Maharashtra
10.70519,18.03733,0,MP
-15.312703,-6.5309744,0,Punjab
3.5273216,-9.338001,0,UP
14.4893875,-11.0824795,0,UP
9.213917,-1.3956196,0,Maharashtra
-13.210727,-0.7648864,0,AP
7.297807,1.8657242,0,Gujarat
16.881857,9.942238,1,MP
12.365281,14.791007,0,MP
17.06666,30.674255,0,WB
1.9224751,8.975596,0,Maharashtra
1.4117726,10.21919,0,WB
12.085412,-12.353029,0,Gujarat
-13.088966,1.8242497,0,AP
-7.6916766,12.076107,0,AP
9.342381,-1.875625,1,AP
4.786062,9.441053,0,Maharashtra
7.139728,12.659869,0,UP
1.1146672,11.399343,0,UP
5.878366,-0.1156204,0,Maharashtra
-8.051626,-1.1860762,0,Gujarat
-18.50539,6.226529,0,Punjab
6.900647,11.45828,0,Maharashtra
-12.392283,4.040199,0,Gujarat
5.4192114,-8.689144,0,Karnataka
-12.689131,-12.811954,0,Maharashtra
7.124301,-6.859671,0,Karnataka
-7.8845835,-0.3562941,1,Karnataka
16.57261,33.353664,1,MP
-5.640571,9.25894,0,Punjab
6.9486227,-18.089605,1,WB
1.1343604,-21.896088,0,WB
-14.830252,-5.6072454,0,Gujarat
3.1123805,20.868118,0,MP
-13.024268,-25.229717,0,Punjab
-4.539821,-3.360873,0,AP
5.686066,13.239226,0,AP
-2.826189,-23.678192,0,Punjab
-13.165789,-9.982049,0,Maharashtra
-10.7939825,-13.684687,0,Gujarat
0.010581711,14.655002,0,UP
-6.8116684,2.435934,0,MP
-13.329428,-2.9527786,0,WB
7.317587,-9.682017,1,MP
3.2126577,-7.393502,0,Maharashtra
12.315411,17.941507,1,Karnataka
17.018251,9.550556,0,MP
-11.49072,-13.619274,0,Gujarat
-15.916085,0.8548851,0,UP
9.824985,23.882067,1,MP
5.404069,13.716221,0,AP
6.4234686,21.251118,0,Maharashtra
-15.385892,-19.923214,0,Punjab
-2.3508432,14.572671,0,Maharashtra
-5.0008407,-12.840397,0,Gujarat
1.2285632,12.566991,0,Gujarat
-14.1672325,-4.710522,0,WB
-4.2874565,-4.2944393,0,UP
8.121711,13.109471,0,Karnataka
10.091843,-12.00009,1,Maharashtra
9.642216,-12.3648815,0,Punjab
-9.70359,-18.045956,0,Maharashtra
-0.45117483,21.522509,0,Karnataka
-9.440192,8.180575,0,UP
-11.204968,-4.3374233,0,AP
16.710222,18.554964,0,Karnataka
-5.298407,8.212371,0,Punjab
10.472101,6.8729687,0,Karnataka
-7.6553607,-5.43121,0,AP
9.173135,15.469946,0,Karnataka
-0.16976075,6.278982,0,UP
-1.655345,1.1801124,0,Punjab
2.548665,-19.422699,0,WB
-5.468961,20.951588,0,MP
7.0600896,18.10969,0,Karnataka
-3.7364373,-2.3804274,0,AP
3.1055105,20.883224,1,MP
-18.284897,-15.513408,1,Maharashtra
9.033874,8.728691,1,Gujarat
-14.44211,-9.808207,0,Gujarat
-3.4671836,12.178506,0,Punjab
-2.7064676,-0.27797398,0,UP
1.2949989,10.169791,0,UP
4.2952585,21.618187,1,Maharashtra
-17.230871,-22.846525,0,Punjab
-4.433575,-6.3361683,0,UP
-14.942072,-19.330708,0,Punjab
